date,ticker,close_price
2026-01-05,ALFA,140.45
2026-01-05,BRVO,422.19
2026-01-05,CYGN,114.33
2026-01-05,DRVN,304.7
2026-01-05,ELMT,363.8
2026-01-05,FLUX,169.82
2026-01-05,GRIT,67.41
2026-01-05,HARB,349.46
2026-01-05,IVRY,187.16
2026-01-05,JUNO,387.24
2026-01-05,KITE,121.66
2026-01-05,LUMA,68.61
2026-01-05,MESA,184.53
2026-01-05,NOVA,308.06
2026-01-05,ORBT,93.48
2026-01-05,PRSM,260.24
2026-01-05,QUAD,124.13
2026-01-05,RIVR,111.82
2026-01-05,SOLR,301.12
2026-01-05,TRAX,137.04
2026-01-05,UNIT,267.13
2026-01-05,VCTR,439.9
2026-01-05,WAVE,71.64
2026-01-05,XENO,51.59
2026-01-05,YARD,446.64
2026-01-05,ZETA,304.04
2026-01-05,AERO,72.16
2026-01-05,BETA,398.29
2026-01-05,CAPE,407.73
2026-01-05,DOME,281.49
2026-01-06,ALFA,144.79
2026-01-06,BRVO,405.16
2026-01-06,CYGN,119.96
2026-01-06,DRVN,302.42
2026-01-06,ELMT,367.67
2026-01-06,FLUX,166.85
2026-01-06,GRIT,64.32
2026-01-06,HARB,376.67
2026-01-06,IVRY,184.55
2026-01-06,JUNO,381.68
2026-01-06,KITE,120.42
2026-01-06,LUMA,66.64
2026-01-06,MESA,182.54
2026-01-06,NOVA,312.74
2026-01-06,ORBT,98.16
2026-01-06,PRSM,260.14
2026-01-06,QUAD,124.66
2026-01-06,RIVR,114.19
2026-01-06,SOLR,297.12
2026-01-06,TRAX,137.72
2026-01-06,UNIT,281.37
2026-01-06,VCTR,439.59
2026-01-06,WAVE,70.4
2026-01-06,XENO,52.18
2026-01-06,YARD,445.88
2026-01-06,ZETA,304.71
2026-01-06,AERO,73.39
2026-01-06,BETA,393.17
2026-01-06,CAPE,401.23
2026-01-06,DOME,289.31
2026-01-07,ALFA,140.15
2026-01-07,BRVO,411.9
2026-01-07,CYGN,119.24
2026-01-07,DRVN,303.59
2026-01-07,ELMT,367.07
2026-01-07,FLUX,166.9
2026-01-07,GRIT,63.89
2026-01-07,HARB,363.99
2026-01-07,IVRY,187.79
2026-01-07,JUNO,376.32
2026-01-07,KITE,121.04
2026-01-07,LUMA,69.77
2026-01-07,MESA,181.52
2026-01-07,NOVA,305.38
2026-01-07,ORBT,95.76
2026-01-07,PRSM,256.46
2026-01-07,QUAD,121.0
2026-01-07,RIVR,116.3
2026-01-07,SOLR,305.97
2026-01-07,TRAX,135.45
2026-01-07,UNIT,263.83
2026-01-07,VCTR,454.6
2026-01-07,WAVE,71.09
2026-01-07,XENO,50.69
2026-01-07,YARD,430.27
2026-01-07,ZETA,320.98
2026-01-07,AERO,72.57
2026-01-07,BETA,385.53
2026-01-07,CAPE,387.3
2026-01-07,DOME,282.11
2026-01-08,ALFA,144.51
2026-01-08,BRVO,408.59
2026-01-08,CYGN,121.24
2026-01-08,DRVN,307.82
2026-01-08,ELMT,362.88
2026-01-08,FLUX,168.64
2026-01-08,GRIT,62.9
2026-01-08,HARB,357.91
2026-01-08,IVRY,187.11
2026-01-08,JUNO,389.82
2026-01-08,KITE,121.74
2026-01-08,LUMA,68.48
2026-01-08,MESA,182.16
2026-01-08,NOVA,296.54
2026-01-08,ORBT,93.37
2026-01-08,PRSM,258.55
2026-01-08,QUAD,124.83
2026-01-08,RIVR,111.51
2026-01-08,SOLR,303.3
2026-01-08,TRAX,135.41
2026-01-08,UNIT,256.15
2026-01-08,VCTR,440.75
2026-01-08,WAVE,72.92
2026-01-08,XENO,51.98
2026-01-08,YARD,448.75
2026-01-08,ZETA,311.69
2026-01-08,AERO,71.95
2026-01-08,BETA,409.31
2026-01-08,CAPE,405.81
2026-01-08,DOME,279.81
2026-01-09,ALFA,142.14
2026-01-09,BRVO,401.29
2026-01-09,CYGN,117.75
2026-01-09,DRVN,315.45
2026-01-09,ELMT,369.3
2026-01-09,FLUX,172.77
2026-01-09,GRIT,65.63
2026-01-09,HARB,369.12
2026-01-09,IVRY,194.71
2026-01-09,JUNO,400.07
2026-01-09,KITE,120.99
2026-01-09,LUMA,68.47
2026-01-09,MESA,184.04
2026-01-09,NOVA,296.74
2026-01-09,ORBT,94.12
2026-01-09,PRSM,261.52
2026-01-09,QUAD,122.18
2026-01-09,RIVR,116.37
2026-01-09,SOLR,303.01
2026-01-09,TRAX,139.93
2026-01-09,UNIT,262.74
2026-01-09,VCTR,461.44
2026-01-09,WAVE,70.11
2026-01-09,XENO,52.12
2026-01-09,YARD,435.84
2026-01-09,ZETA,320.84
2026-01-09,AERO,71.62
2026-01-09,BETA,395.34
2026-01-09,CAPE,417.23
2026-01-09,DOME,282.08
2026-01-12,ALFA,145.68
2026-01-12,BRVO,405.17
2026-01-12,CYGN,111.35
2026-01-12,DRVN,294.88
2026-01-12,ELMT,364.83
2026-01-12,FLUX,168.44
2026-01-12,GRIT,65.77
2026-01-12,HARB,363.85
2026-01-12,IVRY,189.66
2026-01-12,JUNO,387.54
2026-01-12,KITE,122.77
2026-01-12,LUMA,69.53
2026-01-12,MESA,181.81
2026-01-12,NOVA,291.13
2026-01-12,ORBT,94.47
2026-01-12,PRSM,267.68
2026-01-12,QUAD,122.99
2026-01-12,RIVR,113.98
2026-01-12,SOLR,303.72
2026-01-12,TRAX,134.83
2026-01-12,UNIT,265.55
2026-01-12,VCTR,440.22
2026-01-12,WAVE,71.92
2026-01-12,XENO,52.28
2026-01-12,YARD,431.47
2026-01-12,ZETA,313.86
2026-01-12,AERO,71.66
2026-01-12,BETA,386.39
2026-01-12,CAPE,409.47
2026-01-12,DOME,288.24
2026-01-13,ALFA,138.63
2026-01-13,BRVO,416.0
2026-01-13,CYGN,117.92
2026-01-13,DRVN,300.76
2026-01-13,ELMT,375.38
2026-01-13,FLUX,173.61
2026-01-13,GRIT,64.14
2026-01-13,HARB,367.96
2026-01-13,IVRY,185.67
2026-01-13,JUNO,383.63
2026-01-13,KITE,122.32
2026-01-13,LUMA,69.19
2026-01-13,MESA,182.1
2026-01-13,NOVA,296.29
2026-01-13,ORBT,94.31
2026-01-13,PRSM,258.22
2026-01-13,QUAD,122.3
2026-01-13,RIVR,111.56
2026-01-13,SOLR,308.18
2026-01-13,TRAX,136.28
2026-01-13,UNIT,283.02
2026-01-13,VCTR,447.52
2026-01-13,WAVE,72.82
2026-01-13,XENO,51.18
2026-01-13,YARD,446.88
2026-01-13,ZETA,326.5
2026-01-13,AERO,74.67
2026-01-13,BETA,394.98
2026-01-13,CAPE,407.16
2026-01-13,DOME,282.99
2026-01-14,ALFA,141.63
2026-01-14,BRVO,403.83
2026-01-14,CYGN,116.91
2026-01-14,DRVN,302.7
2026-01-14,ELMT,371.33
2026-01-14,FLUX,173.38
2026-01-14,GRIT,64.36
2026-01-14,HARB,364.39
2026-01-14,IVRY,180.44
2026-01-14,JUNO,379.7
2026-01-14,KITE,123.02
2026-01-14,LUMA,67.78
2026-01-14,MESA,181.18
2026-01-14,NOVA,308.17
2026-01-14,ORBT,95.04
2026-01-14,PRSM,263.12
2026-01-14,QUAD,121.61
2026-01-14,RIVR,111.48
2026-01-14,SOLR,307.26
2026-01-14,TRAX,140.39
2026-01-14,UNIT,275.45
2026-01-14,VCTR,441.56
2026-01-14,WAVE,69.43
2026-01-14,XENO,52.57
2026-01-14,YARD,426.91
2026-01-14,ZETA,311.63
2026-01-14,AERO,73.03
2026-01-14,BETA,393.11
2026-01-14,CAPE,423.5
2026-01-14,DOME,285.73
2026-01-15,ALFA,142.73
2026-01-15,BRVO,411.81
2026-01-15,CYGN,119.63
2026-01-15,DRVN,298.74
2026-01-15,ELMT,374.18
2026-01-15,FLUX,165.88
2026-01-15,GRIT,64.59
2026-01-15,HARB,358.31
2026-01-15,IVRY,185.61
2026-01-15,JUNO,395.21
2026-01-15,KITE,125.13
2026-01-15,LUMA,68.68
2026-01-15,MESA,180.4
2026-01-15,NOVA,297.14
2026-01-15,ORBT,92.47
2026-01-15,PRSM,268.97
2026-01-15,QUAD,123.31
2026-01-15,RIVR,118.35
2026-01-15,SOLR,297.9
2026-01-15,TRAX,141.99
2026-01-15,UNIT,270.7
2026-01-15,VCTR,453.66
2026-01-15,WAVE,71.31
2026-01-15,XENO,52.94
2026-01-15,YARD,440.32
2026-01-15,ZETA,317.56
2026-01-15,AERO,73.25
2026-01-15,BETA,402.78
2026-01-15,CAPE,413.36
2026-01-15,DOME,280.31
2026-01-16,ALFA,141.27
2026-01-16,BRVO,406.95
2026-01-16,CYGN,117.98
2026-01-16,DRVN,295.8
2026-01-16,ELMT,370.89
2026-01-16,FLUX,170.59
2026-01-16,GRIT,64.98
2026-01-16,HARB,357.81
2026-01-16,IVRY,185.12
2026-01-16,JUNO,396.54
2026-01-16,KITE,119.84
2026-01-16,LUMA,68.61
2026-01-16,MESA,180.36
2026-01-16,NOVA,303.86
2026-01-16,ORBT,94.51
2026-01-16,PRSM,257.45
2026-01-16,QUAD,121.84
2026-01-16,RIVR,112.05
2026-01-16,SOLR,302.56
2026-01-16,TRAX,139.96
2026-01-16,UNIT,273.96
2026-01-16,VCTR,450.36
2026-01-16,WAVE,69.38
2026-01-16,XENO,51.98
2026-01-16,YARD,434.96
2026-01-16,ZETA,316.32
2026-01-16,AERO,74.81
2026-01-16,BETA,406.64
2026-01-16,CAPE,403.65
2026-01-16,DOME,283.01
2026-01-19,ALFA,140.89
2026-01-19,BRVO,391.77
2026-01-19,CYGN,118.59
2026-01-19,DRVN,297.37
2026-01-19,ELMT,375.27
2026-01-19,FLUX,173.09
2026-01-19,GRIT,66.21
2026-01-19,HARB,371.94
2026-01-19,IVRY,183.96
2026-01-19,JUNO,403.49
2026-01-19,KITE,121.43
2026-01-19,LUMA,69.64
2026-01-19,MESA,184.12
2026-01-19,NOVA,309.47
2026-01-19,ORBT,96.44
2026-01-19,PRSM,272.16
2026-01-19,QUAD,122.15
2026-01-19,RIVR,110.72
2026-01-19,SOLR,312.71
2026-01-19,TRAX,142.18
2026-01-19,UNIT,271.92
2026-01-19,VCTR,431.51
2026-01-19,WAVE,70.12
2026-01-19,XENO,51.38
2026-01-19,YARD,450.41
2026-01-19,ZETA,306.53
2026-01-19,AERO,72.32
2026-01-19,BETA,381.82
2026-01-19,CAPE,419.88
2026-01-19,DOME,285.81
2026-01-20,ALFA,141.48
2026-01-20,BRVO,401.69
2026-01-20,CYGN,119.83
2026-01-20,DRVN,311.29
2026-01-20,ELMT,365.86
2026-01-20,FLUX,167.4
2026-01-20,GRIT,65.16
2026-01-20,HARB,359.94
2026-01-20,IVRY,187.88
2026-01-20,JUNO,407.62
2026-01-20,KITE,124.16
2026-01-20,LUMA,67.69
2026-01-20,MESA,179.62
2026-01-20,NOVA,295.49
2026-01-20,ORBT,95.46
2026-01-20,PRSM,262.55
2026-01-20,QUAD,121.35
2026-01-20,RIVR,115.43
2026-01-20,SOLR,300.06
2026-01-20,TRAX,135.36
2026-01-20,UNIT,266.61
2026-01-20,VCTR,457.98
2026-01-20,WAVE,73.07
2026-01-20,XENO,52.81
2026-01-20,YARD,456.31
2026-01-20,ZETA,315.81
2026-01-20,AERO,73.11
2026-01-20,BETA,386.48
2026-01-20,CAPE,417.88
2026-01-20,DOME,278.44
2026-01-21,ALFA,143.41
2026-01-21,BRVO,395.31
2026-01-21,CYGN,118.28
2026-01-21,DRVN,288.61
2026-01-21,ELMT,368.63
2026-01-21,FLUX,170.19
2026-01-21,GRIT,64.98
2026-01-21,HARB,375.67
2026-01-21,IVRY,184.32
2026-01-21,JUNO,387.39
2026-01-21,KITE,123.03
2026-01-21,LUMA,67.51
2026-01-21,MESA,176.47
2026-01-21,NOVA,289.0
2026-01-21,ORBT,93.5
2026-01-21,PRSM,269.01
2026-01-21,QUAD,123.03
2026-01-21,RIVR,113.3
2026-01-21,SOLR,293.92
2026-01-21,TRAX,138.84
2026-01-21,UNIT,273.52
2026-01-21,VCTR,437.05
2026-01-21,WAVE,71.17
2026-01-21,XENO,54.11
2026-01-21,YARD,444.02
2026-01-21,ZETA,301.02
2026-01-21,AERO,72.38
2026-01-21,BETA,392.28
2026-01-21,CAPE,407.03
2026-01-21,DOME,281.52
2026-01-22,ALFA,140.85
2026-01-22,BRVO,404.58
2026-01-22,CYGN,120.49
2026-01-22,DRVN,303.69
2026-01-22,ELMT,361.74
2026-01-22,FLUX,171.79
2026-01-22,GRIT,64.74
2026-01-22,HARB,368.85
2026-01-22,IVRY,185.91
2026-01-22,JUNO,409.51
2026-01-22,KITE,124.06
2026-01-22,LUMA,68.45
2026-01-22,MESA,184.1
2026-01-22,NOVA,302.7
2026-01-22,ORBT,95.5
2026-01-22,PRSM,263.99
2026-01-22,QUAD,121.62
2026-01-22,RIVR,115.74
2026-01-22,SOLR,302.22
2026-01-22,TRAX,136.95
2026-01-22,UNIT,275.94
2026-01-22,VCTR,451.97
2026-01-22,WAVE,71.52
2026-01-22,XENO,51.28
2026-01-22,YARD,449.06
2026-01-22,ZETA,302.73
2026-01-22,AERO,73.63
2026-01-22,BETA,402.08
2026-01-22,CAPE,405.0
2026-01-22,DOME,275.92
2026-01-23,ALFA,143.4
2026-01-23,BRVO,401.1
2026-01-23,CYGN,120.0
2026-01-23,DRVN,306.33
2026-01-23,ELMT,368.31
2026-01-23,FLUX,172.6
2026-01-23,GRIT,65.08
2026-01-23,HARB,374.89
2026-01-23,IVRY,179.95
2026-01-23,JUNO,387.14
2026-01-23,KITE,121.17
2026-01-23,LUMA,67.26
2026-01-23,MESA,183.46
2026-01-23,NOVA,308.78
2026-01-23,ORBT,95.62
2026-01-23,PRSM,261.92
2026-01-23,QUAD,124.17
2026-01-23,RIVR,113.81
2026-01-23,SOLR,311.88
2026-01-23,TRAX,138.27
2026-01-23,UNIT,291.37
2026-01-23,VCTR,443.65
2026-01-23,WAVE,70.51
2026-01-23,XENO,52.03
2026-01-23,YARD,448.55
2026-01-23,ZETA,305.55
2026-01-23,AERO,71.53
2026-01-23,BETA,384.56
2026-01-23,CAPE,415.74
2026-01-23,DOME,283.87
2026-01-26,ALFA,143.83
2026-01-26,BRVO,405.84
2026-01-26,CYGN,119.27
2026-01-26,DRVN,309.27
2026-01-26,ELMT,365.42
2026-01-26,FLUX,170.52
2026-01-26,GRIT,65.22
2026-01-26,HARB,368.36
2026-01-26,IVRY,187.73
2026-01-26,JUNO,396.13
2026-01-26,KITE,120.94
2026-01-26,LUMA,67.26
2026-01-26,MESA,179.47
2026-01-26,NOVA,283.69
2026-01-26,ORBT,95.03
2026-01-26,PRSM,264.91
2026-01-26,QUAD,121.94
2026-01-26,RIVR,111.39
2026-01-26,SOLR,304.09
2026-01-26,TRAX,136.47
2026-01-26,UNIT,265.32
2026-01-26,VCTR,443.79
2026-01-26,WAVE,72.23
2026-01-26,XENO,52.45
2026-01-26,YARD,437.63
2026-01-26,ZETA,311.66
2026-01-26,AERO,70.67
2026-01-26,BETA,395.13
2026-01-26,CAPE,419.03
2026-01-26,DOME,282.48
2026-01-27,ALFA,144.09
2026-01-27,BRVO,404.51
2026-01-27,CYGN,116.47
2026-01-27,DRVN,299.46
2026-01-27,ELMT,368.36
2026-01-27,FLUX,169.7
2026-01-27,GRIT,65.62
2026-01-27,HARB,370.0
2026-01-27,IVRY,183.24
2026-01-27,JUNO,391.96
2026-01-27,KITE,121.43
2026-01-27,LUMA,68.19
2026-01-27,MESA,184.22
2026-01-27,NOVA,312.5
2026-01-27,ORBT,95.8
2026-01-27,PRSM,265.95
2026-01-27,QUAD,125.03
2026-01-27,RIVR,117.87
2026-01-27,SOLR,297.7
2026-01-27,TRAX,139.11
2026-01-27,UNIT,279.54
2026-01-27,VCTR,437.24
2026-01-27,WAVE,72.1
2026-01-27,XENO,52.3
2026-01-27,YARD,434.41
2026-01-27,ZETA,307.47
2026-01-27,AERO,70.12
2026-01-27,BETA,398.77
2026-01-27,CAPE,414.35
2026-01-27,DOME,284.84
2026-01-28,ALFA,142.36
2026-01-28,BRVO,411.17
2026-01-28,CYGN,116.4
2026-01-28,DRVN,296.24
2026-01-28,ELMT,368.56
2026-01-28,FLUX,175.16
2026-01-28,GRIT,64.5
2026-01-28,HARB,378.34
2026-01-28,IVRY,185.55
2026-01-28,JUNO,400.33
2026-01-28,KITE,121.64
2026-01-28,LUMA,68.04
2026-01-28,MESA,182.71
2026-01-28,NOVA,297.55
2026-01-28,ORBT,95.3
2026-01-28,PRSM,275.8
2026-01-28,QUAD,123.74
2026-01-28,RIVR,111.32
2026-01-28,SOLR,298.02
2026-01-28,TRAX,133.32
2026-01-28,UNIT,261.12
2026-01-28,VCTR,461.64
2026-01-28,WAVE,69.91
2026-01-28,XENO,52.36
2026-01-28,YARD,435.85
2026-01-28,ZETA,319.14
2026-01-28,AERO,73.02
2026-01-28,BETA,399.36
2026-01-28,CAPE,414.7
2026-01-28,DOME,287.94
2026-01-29,ALFA,144.22
2026-01-29,BRVO,395.93
2026-01-29,CYGN,118.8
2026-01-29,DRVN,292.39
2026-01-29,ELMT,369.97
2026-01-29,FLUX,173.39
2026-01-29,GRIT,63.22
2026-01-29,HARB,354.14
2026-01-29,IVRY,196.07
2026-01-29,JUNO,400.48
2026-01-29,KITE,123.78
2026-01-29,LUMA,69.4
2026-01-29,MESA,177.88
2026-01-29,NOVA,309.74
2026-01-29,ORBT,93.11
2026-01-29,PRSM,263.68
2026-01-29,QUAD,123.13
2026-01-29,RIVR,116.8
2026-01-29,SOLR,296.52
2026-01-29,TRAX,140.25
2026-01-29,UNIT,278.16
2026-01-29,VCTR,459.53
2026-01-29,WAVE,72.13
2026-01-29,XENO,51.73
2026-01-29,YARD,448.72
2026-01-29,ZETA,312.78
2026-01-29,AERO,72.54
2026-01-29,BETA,406.92
2026-01-29,CAPE,423.09
2026-01-29,DOME,282.87
2026-01-30,ALFA,138.37
2026-01-30,BRVO,409.19
2026-01-30,CYGN,118.71
2026-01-30,DRVN,303.07
2026-01-30,ELMT,377.08
2026-01-30,FLUX,171.96
2026-01-30,GRIT,64.29
2026-01-30,HARB,378.89
2026-01-30,IVRY,186.47
2026-01-30,JUNO,379.75
2026-01-30,KITE,123.1
2026-01-30,LUMA,70.43
2026-01-30,MESA,187.61
2026-01-30,NOVA,299.82
2026-01-30,ORBT,92.82
2026-01-30,PRSM,265.55
2026-01-30,QUAD,122.85
2026-01-30,RIVR,120.52
2026-01-30,SOLR,302.27
2026-01-30,TRAX,134.95
2026-01-30,UNIT,275.25
2026-01-30,VCTR,452.68
2026-01-30,WAVE,72.33
2026-01-30,XENO,51.1
2026-01-30,YARD,471.83
2026-01-30,ZETA,317.01
2026-01-30,AERO,74.5
2026-01-30,BETA,408.49
2026-01-30,CAPE,415.26
2026-01-30,DOME,280.16
2026-02-02,ALFA,145.21
2026-02-02,BRVO,396.23
2026-02-02,CYGN,115.73
2026-02-02,DRVN,311.82
2026-02-02,ELMT,376.26
2026-02-02,FLUX,174.65
2026-02-02,GRIT,64.95
2026-02-02,HARB,389.27
2026-02-02,IVRY,183.5
2026-02-02,JUNO,395.17
2026-02-02,KITE,120.39
2026-02-02,LUMA,66.84
2026-02-02,MESA,181.64
2026-02-02,NOVA,314.15
2026-02-02,ORBT,93.77
2026-02-02,PRSM,260.86
2026-02-02,QUAD,122.58
2026-02-02,RIVR,117.59
2026-02-02,SOLR,300.65
2026-02-02,TRAX,137.19
2026-02-02,UNIT,264.42
2026-02-02,VCTR,451.98
2026-02-02,WAVE,69.66
2026-02-02,XENO,51.82
2026-02-02,YARD,438.51
2026-02-02,ZETA,306.27
2026-02-02,AERO,73.17
2026-02-02,BETA,392.42
2026-02-02,CAPE,404.96
2026-02-02,DOME,288.51
2026-02-03,ALFA,139.84
2026-02-03,BRVO,396.72
2026-02-03,CYGN,118.47
2026-02-03,DRVN,298.46
2026-02-03,ELMT,365.71
2026-02-03,FLUX,172.48
2026-02-03,GRIT,62.47
2026-02-03,HARB,383.84
2026-02-03,IVRY,188.79
2026-02-03,JUNO,393.8
2026-02-03,KITE,125.85
2026-02-03,LUMA,66.78
2026-02-03,MESA,185.71
2026-02-03,NOVA,299.88
2026-02-03,ORBT,94.85
2026-02-03,PRSM,255.73
2026-02-03,QUAD,121.78
2026-02-03,RIVR,112.16
2026-02-03,SOLR,298.56
2026-02-03,TRAX,134.59
2026-02-03,UNIT,272.65
2026-02-03,VCTR,455.18
2026-02-03,WAVE,71.32
2026-02-03,XENO,52.06
2026-02-03,YARD,436.91
2026-02-03,ZETA,311.52
2026-02-03,AERO,71.45
2026-02-03,BETA,395.77
2026-02-03,CAPE,416.32
2026-02-03,DOME,274.19
2026-02-04,ALFA,143.66
2026-02-04,BRVO,413.23
2026-02-04,CYGN,116.45
2026-02-04,DRVN,305.51
2026-02-04,ELMT,369.86
2026-02-04,FLUX,168.59
2026-02-04,GRIT,63.43
2026-02-04,HARB,369.44
2026-02-04,IVRY,190.64
2026-02-04,JUNO,391.11
2026-02-04,KITE,121.38
2026-02-04,LUMA,67.7
2026-02-04,MESA,182.0
2026-02-04,NOVA,303.74
2026-02-04,ORBT,94.04
2026-02-04,PRSM,264.64
2026-02-04,QUAD,120.63
2026-02-04,RIVR,112.36
2026-02-04,SOLR,293.15
2026-02-04,TRAX,138.88
2026-02-04,UNIT,271.96
2026-02-04,VCTR,448.48
2026-02-04,WAVE,71.22
2026-02-04,XENO,50.82
2026-02-04,YARD,432.32
2026-02-04,ZETA,309.84
2026-02-04,AERO,71.13
2026-02-04,BETA,392.77
2026-02-04,CAPE,397.01
2026-02-04,DOME,280.7
2026-02-05,ALFA,140.09
2026-02-05,BRVO,398.7
2026-02-05,CYGN,118.25
2026-02-05,DRVN,300.57
2026-02-05,ELMT,361.18
2026-02-05,FLUX,172.94
2026-02-05,GRIT,64.6
2026-02-05,HARB,371.03
2026-02-05,IVRY,185.08
2026-02-05,JUNO,400.26
2026-02-05,KITE,123.81
2026-02-05,LUMA,68.83
2026-02-05,MESA,185.92
2026-02-05,NOVA,295.78
2026-02-05,ORBT,93.55
2026-02-05,PRSM,261.73
2026-02-05,QUAD,122.34
2026-02-05,RIVR,114.85
2026-02-05,SOLR,314.43
2026-02-05,TRAX,137.6
2026-02-05,UNIT,262.37
2026-02-05,VCTR,444.39
2026-02-05,WAVE,69.82
2026-02-05,XENO,52.31
2026-02-05,YARD,446.96
2026-02-05,ZETA,318.03
2026-02-05,AERO,73.66
2026-02-05,BETA,400.79
2026-02-05,CAPE,413.94
2026-02-05,DOME,281.45
2026-02-06,ALFA,140.48
2026-02-06,BRVO,400.36
2026-02-06,CYGN,118.92
2026-02-06,DRVN,296.56
2026-02-06,ELMT,373.67
2026-02-06,FLUX,171.76
2026-02-06,GRIT,64.32
2026-02-06,HARB,361.5
2026-02-06,IVRY,188.78
2026-02-06,JUNO,378.35
2026-02-06,KITE,123.14
2026-02-06,LUMA,67.02
2026-02-06,MESA,185.23
2026-02-06,NOVA,310.58
2026-02-06,ORBT,90.28
2026-02-06,PRSM,263.74
2026-02-06,QUAD,124.3
2026-02-06,RIVR,116.41
2026-02-06,SOLR,295.91
2026-02-06,TRAX,138.5
2026-02-06,UNIT,273.18
2026-02-06,VCTR,462.24
2026-02-06,WAVE,72.92
2026-02-06,XENO,53.88
2026-02-06,YARD,433.03
2026-02-06,ZETA,316.65
2026-02-06,AERO,71.59
2026-02-06,BETA,401.0
2026-02-06,CAPE,420.65
2026-02-06,DOME,284.52
2026-02-09,ALFA,141.33
2026-02-09,BRVO,407.39
2026-02-09,CYGN,118.31
2026-02-09,DRVN,303.45
2026-02-09,ELMT,366.75
2026-02-09,FLUX,174.27
2026-02-09,GRIT,64.04
2026-02-09,HARB,384.62
2026-02-09,IVRY,179.63
2026-02-09,JUNO,386.04
2026-02-09,KITE,122.14
2026-02-09,LUMA,66.61
2026-02-09,MESA,181.28
2026-02-09,NOVA,301.74
2026-02-09,ORBT,95.68
2026-02-09,PRSM,259.31
2026-02-09,QUAD,120.77
2026-02-09,RIVR,116.29
2026-02-09,SOLR,304.03
2026-02-09,TRAX,136.27
2026-02-09,UNIT,275.53
2026-02-09,VCTR,461.39
2026-02-09,WAVE,73.36
2026-02-09,XENO,52.47
2026-02-09,YARD,429.2
2026-02-09,ZETA,302.62
2026-02-09,AERO,72.39
2026-02-09,BETA,383.52
2026-02-09,CAPE,415.95
2026-02-09,DOME,276.66
2026-02-10,ALFA,142.53
2026-02-10,BRVO,407.06
2026-02-10,CYGN,116.48
2026-02-10,DRVN,294.7
2026-02-10,ELMT,366.07
2026-02-10,FLUX,167.65
2026-02-10,GRIT,65.01
2026-02-10,HARB,374.58
2026-02-10,IVRY,182.51
2026-02-10,JUNO,397.72
2026-02-10,KITE,123.44
2026-02-10,LUMA,67.42
2026-02-10,MESA,184.24
2026-02-10,NOVA,304.55
2026-02-10,ORBT,94.41
2026-02-10,PRSM,252.9
2026-02-10,QUAD,122.42
2026-02-10,RIVR,111.86
2026-02-10,SOLR,302.93
2026-02-10,TRAX,137.1
2026-02-10,UNIT,279.45
2026-02-10,VCTR,440.28
2026-02-10,WAVE,69.98
2026-02-10,XENO,51.82
2026-02-10,YARD,421.89
2026-02-10,ZETA,315.98
2026-02-10,AERO,73.94
2026-02-10,BETA,405.8
2026-02-10,CAPE,410.57
2026-02-10,DOME,282.29
2026-02-11,ALFA,141.29
2026-02-11,BRVO,417.05
2026-02-11,CYGN,116.04
2026-02-11,DRVN,313.06
2026-02-11,ELMT,367.04
2026-02-11,FLUX,168.48
2026-02-11,GRIT,65.34
2026-02-11,HARB,374.84
2026-02-11,IVRY,188.95
2026-02-11,JUNO,394.46
2026-02-11,KITE,121.68
2026-02-11,LUMA,68.47
2026-02-11,MESA,184.0
2026-02-11,NOVA,309.93
2026-02-11,ORBT,93.87
2026-02-11,PRSM,265.84
2026-02-11,QUAD,122.98
2026-02-11,RIVR,117.96
2026-02-11,SOLR,304.0
2026-02-11,TRAX,138.18
2026-02-11,UNIT,270.89
2026-02-11,VCTR,453.49
2026-02-11,WAVE,74.04
2026-02-11,XENO,52.82
2026-02-11,YARD,438.49
2026-02-11,ZETA,323.1
2026-02-11,AERO,70.21
2026-02-11,BETA,394.92
2026-02-11,CAPE,419.92
2026-02-11,DOME,287.97
2026-02-12,ALFA,142.84
2026-02-12,BRVO,401.52
2026-02-12,CYGN,119.36
2026-02-12,DRVN,298.42
2026-02-12,ELMT,365.35
2026-02-12,FLUX,169.6
2026-02-12,GRIT,65.76
2026-02-12,HARB,360.07
2026-02-12,IVRY,181.6
2026-02-12,JUNO,373.87
2026-02-12,KITE,121.92
2026-02-12,LUMA,68.64
2026-02-12,MESA,180.5
2026-02-12,NOVA,304.04
2026-02-12,ORBT,97.31
2026-02-12,PRSM,259.1
2026-02-12,QUAD,122.92
2026-02-12,RIVR,112.21
2026-02-12,SOLR,306.96
2026-02-12,TRAX,135.17
2026-02-12,UNIT,286.7
2026-02-12,VCTR,450.86
2026-02-12,WAVE,71.44
2026-02-12,XENO,51.63
2026-02-12,YARD,446.12
2026-02-12,ZETA,317.8
2026-02-12,AERO,72.12
2026-02-12,BETA,388.9
2026-02-12,CAPE,401.12
2026-02-12,DOME,286.84
2026-02-13,ALFA,139.23
2026-02-13,BRVO,390.68
2026-02-13,CYGN,115.33
2026-02-13,DRVN,302.96
2026-02-13,ELMT,362.66
2026-02-13,FLUX,174.09
2026-02-13,GRIT,64.04
2026-02-13,HARB,376.4
2026-02-13,IVRY,181.47
2026-02-13,JUNO,403.51
2026-02-13,KITE,118.72
2026-02-13,LUMA,67.5
2026-02-13,MESA,183.12
2026-02-13,NOVA,309.19
2026-02-13,ORBT,91.59
2026-02-13,PRSM,260.81
2026-02-13,QUAD,122.19
2026-02-13,RIVR,110.44
2026-02-13,SOLR,303.25
2026-02-13,TRAX,135.48
2026-02-13,UNIT,285.01
2026-02-13,VCTR,444.34
2026-02-13,WAVE,72.11
2026-02-13,XENO,53.37
2026-02-13,YARD,426.38
2026-02-13,ZETA,321.63
2026-02-13,AERO,72.62
2026-02-13,BETA,397.49
2026-02-13,CAPE,406.32
2026-02-13,DOME,276.61
2026-02-16,ALFA,140.65
2026-02-16,BRVO,398.22
2026-02-16,CYGN,117.09
2026-02-16,DRVN,295.38
2026-02-16,ELMT,369.89
2026-02-16,FLUX,169.92
2026-02-16,GRIT,64.62
2026-02-16,HARB,372.96
2026-02-16,IVRY,184.3
2026-02-16,JUNO,381.4
2026-02-16,KITE,122.37
2026-02-16,LUMA,67.27
2026-02-16,MESA,183.56
2026-02-16,NOVA,287.87
2026-02-16,ORBT,93.48
2026-02-16,PRSM,256.46
2026-02-16,QUAD,122.74
2026-02-16,RIVR,118.02
2026-02-16,SOLR,302.66
2026-02-16,TRAX,137.32
2026-02-16,UNIT,268.09
2026-02-16,VCTR,448.48
2026-02-16,WAVE,67.46
2026-02-16,XENO,53.8
2026-02-16,YARD,431.24
2026-02-16,ZETA,315.16
2026-02-16,AERO,74.17
2026-02-16,BETA,404.44
2026-02-16,CAPE,411.02
2026-02-16,DOME,286.58
2026-02-17,ALFA,143.09
2026-02-17,BRVO,408.34
2026-02-17,CYGN,116.64
2026-02-17,DRVN,304.7
2026-02-17,ELMT,381.2
2026-02-17,FLUX,171.72
2026-02-17,GRIT,64.37
2026-02-17,HARB,377.91
2026-02-17,IVRY,192.18
2026-02-17,JUNO,393.47
2026-02-17,KITE,122.34
2026-02-17,LUMA,69.13
2026-02-17,MESA,183.15
2026-02-17,NOVA,310.63
2026-02-17,ORBT,94.84
2026-02-17,PRSM,258.58
2026-02-17,QUAD,123.77
2026-02-17,RIVR,116.57
2026-02-17,SOLR,301.87
2026-02-17,TRAX,135.88
2026-02-17,UNIT,288.49
2026-02-17,VCTR,448.06
2026-02-17,WAVE,72.68
2026-02-17,XENO,52.45
2026-02-17,YARD,428.24
2026-02-17,ZETA,319.44
2026-02-17,AERO,73.05
2026-02-17,BETA,397.18
2026-02-17,CAPE,417.79
2026-02-17,DOME,278.77
2026-02-18,ALFA,143.76
2026-02-18,BRVO,400.16
2026-02-18,CYGN,120.05
2026-02-18,DRVN,302.99
2026-02-18,ELMT,376.33
2026-02-18,FLUX,169.98
2026-02-18,GRIT,64.1
2026-02-18,HARB,369.31
2026-02-18,IVRY,181.29
2026-02-18,JUNO,392.57
2026-02-18,KITE,121.19
2026-02-18,LUMA,66.54
2026-02-18,MESA,181.94
2026-02-18,NOVA,300.94
2026-02-18,ORBT,94.14
2026-02-18,PRSM,257.3
2026-02-18,QUAD,122.56
2026-02-18,RIVR,116.56
2026-02-18,SOLR,
2026-02-18,TRAX,138.19
2026-02-18,UNIT,274.26
2026-02-18,VCTR,437.41
2026-02-18,WAVE,69.99
2026-02-18,XENO,52.35
2026-02-18,YARD,448.29
2026-02-18,ZETA,315.97
2026-02-18,AERO,73.09
2026-02-18,BETA,405.46
2026-02-18,CAPE,427.9
2026-02-18,DOME,283.75
2026-02-19,ALFA,140.3
2026-02-19,BRVO,399.72
2026-02-19,CYGN,119.19
2026-02-19,DRVN,294.31
2026-02-19,ELMT,365.89
2026-02-19,FLUX,171.44
2026-02-19,GRIT,63.14
2026-02-19,HARB,356.05
2026-02-19,IVRY,180.7
2026-02-19,JUNO,385.09
2026-02-19,KITE,124.45
2026-02-19,LUMA,68.26
2026-02-19,MESA,177.4
2026-02-19,NOVA,291.63
2026-02-19,ORBT,96.55
2026-02-19,PRSM,264.24
2026-02-19,QUAD,124.21
2026-02-19,RIVR,109.92
2026-02-19,SOLR,302.01
2026-02-19,TRAX,139.48
2026-02-19,UNIT,269.09
2026-02-19,VCTR,450.88
2026-02-19,WAVE,70.93
2026-02-19,XENO,52.61
2026-02-19,YARD,437.1
2026-02-19,ZETA,323.3
2026-02-19,AERO,70.33
2026-02-19,BETA,396.79
2026-02-19,CAPE,393.13
2026-02-19,DOME,283.94
2026-02-20,ALFA,142.22
2026-02-20,BRVO,409.32
2026-02-20,CYGN,122.26
2026-02-20,DRVN,308.92
2026-02-20,ELMT,369.52
2026-02-20,FLUX,168.9
2026-02-20,GRIT,64.86
2026-02-20,HARB,373.82
2026-02-20,IVRY,187.37
2026-02-20,JUNO,385.12
2026-02-20,KITE,120.13
2026-02-20,LUMA,68.2
2026-02-20,MESA,182.99
2026-02-20,NOVA,309.27
2026-02-20,ORBT,93.49
2026-02-20,PRSM,268.34
2026-02-20,QUAD,121.8
2026-02-20,RIVR,116.55
2026-02-20,SOLR,304.33
2026-02-20,TRAX,137.67
2026-02-20,UNIT,270.69
2026-02-20,VCTR,441.1
2026-02-20,WAVE,70.82
2026-02-20,XENO,51.57
2026-02-20,YARD,451.73
2026-02-20,ZETA,306.97
2026-02-20,AERO,72.61
2026-02-20,BETA,400.94
2026-02-20,CAPE,418.25
2026-02-20,DOME,286.59
2026-02-23,ALFA,142.11
2026-02-23,BRVO,402.49
2026-02-23,CYGN,119.31
2026-02-23,DRVN,297.87
2026-02-23,ELMT,373.13
2026-02-23,FLUX,172.13
2026-02-23,GRIT,64.01
2026-02-23,HARB,371.05
2026-02-23,IVRY,187.8
2026-02-23,JUNO,392.57
2026-02-23,KITE,120.46
2026-02-23,LUMA,67.33
2026-02-23,MESA,179.7
2026-02-23,NOVA,290.99
2026-02-23,ORBT,96.43
2026-02-23,PRSM,256.81
2026-02-23,QUAD,120.37
2026-02-23,RIVR,113.62
2026-02-23,SOLR,309.08
2026-02-23,TRAX,138.45
2026-02-23,UNIT,273.06
2026-02-23,VCTR,447.24
2026-02-23,WAVE,73.99
2026-02-23,XENO,52.5
2026-02-23,YARD,458.19
2026-02-23,ZETA,307.27
2026-02-23,AERO,74.58
2026-02-23,BETA,409.79
2026-02-23,CAPE,390.15
2026-02-23,DOME,283.85
2026-02-24,ALFA,144.34
2026-02-24,BRVO,402.69
2026-02-24,CYGN,118.56
2026-02-24,DRVN,300.96
2026-02-24,ELMT,366.6
2026-02-24,FLUX,167.14
2026-02-24,GRIT,63.68
2026-02-24,HARB,365.69
2026-02-24,IVRY,187.45
2026-02-24,JUNO,386.93
2026-02-24,KITE,120.49
2026-02-24,LUMA,68.08
2026-02-24,MESA,185.66
2026-02-24,NOVA,301.62
2026-02-24,ORBT,95.21
2026-02-24,PRSM,267.56
2026-02-24,QUAD,121.23
2026-02-24,RIVR,118.77
2026-02-24,SOLR,303.65
2026-02-24,TRAX,136.97
2026-02-24,UNIT,265.27
2026-02-24,VCTR,451.29
2026-02-24,WAVE,72.92
2026-02-24,XENO,53.68
2026-02-24,YARD,439.91
2026-02-24,ZETA,315.53
2026-02-24,AERO,71.25
2026-02-24,BETA,411.43
2026-02-24,CAPE,425.51
2026-02-24,DOME,285.84
2026-02-25,ALFA,140.04
2026-02-25,BRVO,407.51
2026-02-25,CYGN,113.45
2026-02-25,DRVN,311.12
2026-02-25,ELMT,367.7
2026-02-25,FLUX,170.98
2026-02-25,GRIT,62.58
2026-02-25,HARB,361.9
2026-02-25,IVRY,188.26
2026-02-25,JUNO,403.97
2026-02-25,KITE,122.75
2026-02-25,LUMA,68.14
2026-02-25,MESA,180.67
2026-02-25,NOVA,294.85
2026-02-25,ORBT,94.83
2026-02-25,PRSM,264.7
2026-02-25,QUAD,121.49
2026-02-25,RIVR,116.72
2026-02-25,SOLR,299.11
2026-02-25,TRAX,137.84
2026-02-25,UNIT,269.55
2026-02-25,VCTR,446.51
2026-02-25,WAVE,72.92
2026-02-25,XENO,51.48
2026-02-25,YARD,447.56
2026-02-25,ZETA,317.3
2026-02-25,AERO,72.28
2026-02-25,BETA,396.67
2026-02-25,CAPE,415.47
2026-02-25,DOME,289.83
2026-02-26,ALFA,144.01
2026-02-26,BRVO,394.97
2026-02-26,CYGN,119.89
2026-02-26,DRVN,303.61
2026-02-26,ELMT,369.75
2026-02-26,FLUX,168.32
2026-02-26,GRIT,66.43
2026-02-26,HARB,379.93
2026-02-26,IVRY,183.07
2026-02-26,JUNO,387.27
2026-02-26,KITE,120.6
2026-02-26,LUMA,67.4
2026-02-26,MESA,181.1
2026-02-26,NOVA,295.17
2026-02-26,ORBT,93.31
2026-02-26,PRSM,262.08
2026-02-26,QUAD,122.18
2026-02-26,RIVR,115.76
2026-02-26,SOLR,299.19
2026-02-26,TRAX,140.2
2026-02-26,UNIT,281.42
2026-02-26,VCTR,474.8
2026-02-26,WAVE,71.81
2026-02-26,XENO,52.67
2026-02-26,YARD,449.7
2026-02-26,ZETA,313.6
2026-02-26,AERO,69.85
2026-02-26,BETA,398.86
2026-02-26,CAPE,434.07
2026-02-26,DOME,279.57
2026-02-27,ALFA,140.04
2026-02-27,BRVO,410.31
2026-02-27,CYGN,116.21
2026-02-27,DRVN,305.46
2026-02-27,ELMT,365.73
2026-02-27,FLUX,167.68
2026-02-27,GRIT,63.75
2026-02-27,HARB,366.16
2026-02-27,IVRY,190.96
2026-02-27,JUNO,386.78
2026-02-27,KITE,121.1
2026-02-27,LUMA,69.49
2026-02-27,MESA,178.13
2026-02-27,NOVA,293.56
2026-02-27,ORBT,94.6
2026-02-27,PRSM,268.93
2026-02-27,QUAD,121.88
2026-02-27,RIVR,116.11
2026-02-27,SOLR,298.04
2026-02-27,TRAX,136.44
2026-02-27,UNIT,276.24
2026-02-27,VCTR,446.73
2026-02-27,WAVE,73.28
2026-02-27,XENO,50.78
2026-02-27,YARD,428.19
2026-02-27,ZETA,311.64
2026-02-27,AERO,74.93
2026-02-27,BETA,385.82
2026-02-27,CAPE,406.19
2026-02-27,DOME,281.77
2026-03-02,ALFA,143.44
2026-03-02,BRVO,405.89
2026-03-02,CYGN,118.18
2026-03-02,DRVN,303.18
2026-03-02,ELMT,371.52
2026-03-02,FLUX,165.98
2026-03-02,GRIT,62.97
2026-03-02,HARB,369.84
2026-03-02,IVRY,190.62
2026-03-02,JUNO,385.34
2026-03-02,KITE,122.69
2026-03-02,LUMA,70.12
2026-03-02,MESA,184.38
2026-03-02,NOVA,287.8
2026-03-02,ORBT,94.44
2026-03-02,PRSM,252.87
2026-03-02,QUAD,121.64
2026-03-02,RIVR,109.58
2026-03-02,SOLR,312.21
2026-03-02,TRAX,142.08
2026-03-02,UNIT,271.48
2026-03-02,VCTR,446.91
2026-03-02,WAVE,70.47
2026-03-02,XENO,51.85
2026-03-02,YARD,450.33
2026-03-02,ZETA,325.39
2026-03-02,AERO,74.17
2026-03-02,BETA,401.36
2026-03-02,CAPE,413.83
2026-03-02,DOME,281.79
2026-03-03,ALFA,140.42
2026-03-03,BRVO,410.41
2026-03-03,CYGN,112.69
2026-03-03,DRVN,302.55
2026-03-03,ELMT,372.1
2026-03-03,FLUX,168.93
2026-03-03,GRIT,66.26
2026-03-03,HARB,362.25
2026-03-03,IVRY,188.65
2026-03-03,JUNO,377.95
2026-03-03,KITE,122.69
2026-03-03,LUMA,66.18
2026-03-03,MESA,185.94
2026-03-03,NOVA,303.81
2026-03-03,ORBT,97.27
2026-03-03,PRSM,255.75
2026-03-03,QUAD,120.82
2026-03-03,RIVR,113.66
2026-03-03,SOLR,303.7
2026-03-03,TRAX,139.84
2026-03-03,UNIT,283.3
2026-03-03,VCTR,450.62
2026-03-03,WAVE,72.58
2026-03-03,XENO,52.83
2026-03-03,YARD,446.6
2026-03-03,ZETA,312.69
2026-03-03,AERO,71.24
2026-03-03,BETA,399.2
2026-03-03,CAPE,416.61
2026-03-03,DOME,288.08
2026-03-04,ALFA,143.82
2026-03-04,BRVO,403.62
2026-03-04,CYGN,113.85
2026-03-04,DRVN,301.74
2026-03-04,ELMT,365.13
2026-03-04,FLUX,169.84
2026-03-04,GRIT,65.14
2026-03-04,HARB,368.94
2026-03-04,IVRY,191.21
2026-03-04,JUNO,377.06
2026-03-04,KITE,123.03
2026-03-04,LUMA,67.4
2026-03-04,MESA,181.61
2026-03-04,NOVA,289.89
2026-03-04,ORBT,96.48
2026-03-04,PRSM,250.3
2026-03-04,QUAD,124.06
2026-03-04,RIVR,109.49
2026-03-04,SOLR,307.19
2026-03-04,TRAX,137.93
2026-03-04,UNIT,272.75
2026-03-04,VCTR,453.63
2026-03-04,WAVE,73.36
2026-03-04,XENO,50.5
2026-03-04,YARD,428.91
2026-03-04,ZETA,315.78
2026-03-04,AERO,73.26
2026-03-04,BETA,403.04
2026-03-04,CAPE,417.46
2026-03-04,DOME,283.94
2026-03-05,ALFA,145.59
2026-03-05,BRVO,411.52
2026-03-05,CYGN,116.79
2026-03-05,DRVN,300.6
2026-03-05,ELMT,364.31
2026-03-05,FLUX,170.14
2026-03-05,GRIT,62.42
2026-03-05,HARB,371.67
2026-03-05,IVRY,187.1
2026-03-05,JUNO,394.02
2026-03-05,KITE,123.15
2026-03-05,LUMA,67.28
2026-03-05,MESA,181.6
2026-03-05,NOVA,297.77
2026-03-05,ORBT,95.88
2026-03-05,PRSM,263.12
2026-03-05,QUAD,121.33
2026-03-05,RIVR,113.04
2026-03-05,SOLR,312.15
2026-03-05,TRAX,133.4
2026-03-05,UNIT,286.78
2026-03-05,VCTR,442.06
2026-03-05,WAVE,72.34
2026-03-05,XENO,53.12
2026-03-05,YARD,441.35
2026-03-05,ZETA,311.41
2026-03-05,AERO,74.16
2026-03-05,BETA,397.99
2026-03-05,CAPE,405.08
2026-03-05,DOME,288.28
2026-03-06,ALFA,143.25
2026-03-06,BRVO,406.8
2026-03-06,CYGN,114.74
2026-03-06,DRVN,302.18
2026-03-06,ELMT,368.1
2026-03-06,FLUX,171.31
2026-03-06,GRIT,65.92
2026-03-06,HARB,373.42
2026-03-06,IVRY,186.43
2026-03-06,JUNO,395.39
2026-03-06,KITE,120.78
2026-03-06,LUMA,67.01
2026-03-06,MESA,180.12
2026-03-06,NOVA,296.77
2026-03-06,ORBT,94.75
2026-03-06,PRSM,261.69
2026-03-06,QUAD,123.74
2026-03-06,RIVR,116.43
2026-03-06,SOLR,304.13
2026-03-06,TRAX,138.63
2026-03-06,UNIT,271.91
2026-03-06,VCTR,450.03
2026-03-06,WAVE,72.8
2026-03-06,XENO,52.13
2026-03-06,YARD,427.84
2026-03-06,ZETA,317.53
2026-03-06,AERO,72.24
2026-03-06,BETA,404.49
2026-03-06,CAPE,405.97
2026-03-06,DOME,280.29
2026-03-09,ALFA,143.42
2026-03-09,BRVO,402.73
2026-03-09,CYGN,117.74
2026-03-09,DRVN,308.34
2026-03-09,ELMT,368.05
2026-03-09,FLUX,170.51
2026-03-09,GRIT,63.19
2026-03-09,HARB,365.95
2026-03-09,IVRY,180.5
2026-03-09,JUNO,386.4
2026-03-09,KITE,121.67
2026-03-09,LUMA,68.42
2026-03-09,MESA,183.25
2026-03-09,NOVA,289.02
2026-03-09,ORBT,94.71
2026-03-09,PRSM,255.64
2026-03-09,QUAD,124.39
2026-03-09,RIVR,111.05
2026-03-09,SOLR,297.45
2026-03-09,TRAX,139.31
2026-03-09,UNIT,286.36
2026-03-09,VCTR,447.69
2026-03-09,WAVE,72.14
2026-03-09,XENO,53.13
2026-03-09,YARD,435.38
2026-03-09,ZETA,309.17
2026-03-09,AERO,74.85
2026-03-09,BETA,402.72
2026-03-09,CAPE,403.32
2026-03-09,DOME,283.75
2026-03-10,ALFA,143.08
2026-03-10,BRVO,406.19
2026-03-10,CYGN,119.12
2026-03-10,DRVN,297.07
2026-03-10,ELMT,361.18
2026-03-10,FLUX,169.95
2026-03-10,GRIT,63.57
2026-03-10,HARB,363.07
2026-03-10,IVRY,184.31
2026-03-10,JUNO,384.05
2026-03-10,KITE,121.38
2026-03-10,LUMA,66.78
2026-03-10,MESA,188.02
2026-03-10,NOVA,299.12
2026-03-10,ORBT,95.66
2026-03-10,PRSM,259.15
2026-03-10,QUAD,122.7
2026-03-10,RIVR,117.7
2026-03-10,SOLR,292.25
2026-03-10,TRAX,140.24
2026-03-10,UNIT,279.31
2026-03-10,VCTR,455.66
2026-03-10,WAVE,75.62
2026-03-10,XENO,51.33
2026-03-10,YARD,426.85
2026-03-10,ZETA,317.57
2026-03-10,AERO,70.9
2026-03-10,BETA,398.46
2026-03-10,CAPE,421.46
2026-03-10,DOME,282.24
2026-03-11,ALFA,140.46
2026-03-11,BRVO,403.21
2026-03-11,CYGN,118.74
2026-03-11,DRVN,295.74
2026-03-11,ELMT,373.07
2026-03-11,FLUX,166.47
2026-03-11,GRIT,64.23
2026-03-11,HARB,380.05
2026-03-11,IVRY,183.31
2026-03-11,JUNO,391.84
2026-03-11,KITE,125.44
2026-03-11,LUMA,69.42
2026-03-11,MESA,182.74
2026-03-11,NOVA,309.7
2026-03-11,ORBT,95.64
2026-03-11,PRSM,265.8
2026-03-11,QUAD,119.21
2026-03-11,RIVR,117.83
2026-03-11,SOLR,300.24
2026-03-11,TRAX,136.02
2026-03-11,UNIT,266.71
2026-03-11,VCTR,442.48
2026-03-11,WAVE,73.06
2026-03-11,XENO,51.91
2026-03-11,YARD,420.85
2026-03-11,ZETA,315.03
2026-03-11,AERO,70.02
2026-03-11,BETA,403.19
2026-03-11,CAPE,418.43
2026-03-11,DOME,281.12
2026-03-12,ALFA,138.37
2026-03-12,BRVO,412.3
2026-03-12,CYGN,115.83
2026-03-12,DRVN,306.34
2026-03-12,ELMT,368.71
2026-03-12,FLUX,172.19
2026-03-12,GRIT,64.88
2026-03-12,HARB,371.18
2026-03-12,IVRY,181.07
2026-03-12,JUNO,390.14
2026-03-12,KITE,122.93
2026-03-12,LUMA,67.62
2026-03-12,MESA,183.7
2026-03-12,NOVA,291.58
2026-03-12,ORBT,96.83
2026-03-12,PRSM,265.72
2026-03-12,QUAD,122.52
2026-03-12,RIVR,110.82
2026-03-12,SOLR,309.2
2026-03-12,TRAX,134.82
2026-03-12,UNIT,276.93
2026-03-12,VCTR,453.71
2026-03-12,WAVE,69.76
2026-03-12,XENO,51.24
2026-03-12,YARD,435.94
2026-03-12,ZETA,299.44
2026-03-12,AERO,72.58
2026-03-12,BETA,386.42
2026-03-12,CAPE,410.4
2026-03-12,DOME,281.21
2026-03-13,ALFA,143.85
2026-03-13,BRVO,405.7
2026-03-13,CYGN,115.42
2026-03-13,DRVN,295.53
2026-03-13,ELMT,378.33
2026-03-13,FLUX,172.77
2026-03-13,GRIT,63.24
2026-03-13,HARB,381.1
2026-03-13,IVRY,185.76
2026-03-13,JUNO,390.15
2026-03-13,KITE,120.24
2026-03-13,LUMA,67.76
2026-03-13,MESA,181.43
2026-03-13,NOVA,303.59
2026-03-13,ORBT,93.37
2026-03-13,PRSM,261.21
2026-03-13,QUAD,123.33
2026-03-13,RIVR,117.39
2026-03-13,SOLR,300.18
2026-03-13,TRAX,139.03
2026-03-13,UNIT,274.15
2026-03-13,VCTR,453.74
2026-03-13,WAVE,72.2
2026-03-13,XENO,53.66
2026-03-13,YARD,434.5
2026-03-13,ZETA,328.2
2026-03-13,AERO,75.22
2026-03-13,BETA,397.88
2026-03-13,CAPE,441.49
2026-03-13,DOME,284.67
2026-03-16,ALFA,142.37
2026-03-16,BRVO,398.68
2026-03-16,CYGN,114.91
2026-03-16,DRVN,300.06
2026-03-16,ELMT,367.97
2026-03-16,FLUX,169.25
2026-03-16,GRIT,64.65
2026-03-16,HARB,362.36
2026-03-16,IVRY,181.35
2026-03-16,JUNO,398.62
2026-03-16,KITE,122.1
2026-03-16,LUMA,67.76
2026-03-16,MESA,182.02
2026-03-16,NOVA,301.19
2026-03-16,ORBT,95.23
2026-03-16,PRSM,262.83
2026-03-16,QUAD,121.44
2026-03-16,RIVR,116.17
2026-03-16,SOLR,307.18
2026-03-16,TRAX,137.58
2026-03-16,UNIT,277.66
2026-03-16,VCTR,447.38
2026-03-16,WAVE,72.0
2026-03-16,XENO,52.56
2026-03-16,YARD,423.04
2026-03-16,ZETA,311.99
2026-03-16,AERO,72.63
2026-03-16,BETA,409.11
2026-03-16,CAPE,420.18
2026-03-16,DOME,282.84
2026-03-17,ALFA,141.47
2026-03-17,BRVO,399.56
2026-03-17,CYGN,115.61
2026-03-17,DRVN,295.9
2026-03-17,ELMT,371.07
2026-03-17,FLUX,166.39
2026-03-17,GRIT,63.22
2026-03-17,HARB,377.79
2026-03-17,IVRY,189.07
2026-03-17,JUNO,393.76
2026-03-17,KITE,123.52
2026-03-17,LUMA,67.42
2026-03-17,MESA,183.79
2026-03-17,NOVA,309.5
2026-03-17,ORBT,93.18
2026-03-17,PRSM,259.84
2026-03-17,QUAD,122.93
2026-03-17,RIVR,108.51
2026-03-17,SOLR,300.1
2026-03-17,TRAX,140.17
2026-03-17,UNIT,275.57
2026-03-17,VCTR,460.99
2026-03-17,WAVE,69.45
2026-03-17,XENO,50.08
2026-03-17,YARD,423.12
2026-03-17,ZETA,309.77
2026-03-17,AERO,71.1
2026-03-17,BETA,399.19
2026-03-17,CAPE,414.98
2026-03-17,DOME,283.14
2026-03-18,ALFA,139.5
2026-03-18,BRVO,400.18
2026-03-18,CYGN,122.04
2026-03-18,DRVN,293.25
2026-03-18,ELMT,372.32
2026-03-18,FLUX,172.31
2026-03-18,GRIT,65.66
2026-03-18,HARB,357.4
2026-03-18,IVRY,188.69
2026-03-18,JUNO,384.6
2026-03-18,KITE,122.83
2026-03-18,LUMA,66.19
2026-03-18,MESA,183.51
2026-03-18,NOVA,299.87
2026-03-18,ORBT,95.8
2026-03-18,PRSM,257.51
2026-03-18,QUAD,121.12
2026-03-18,RIVR,110.39
2026-03-18,SOLR,304.99
2026-03-18,TRAX,135.39
2026-03-18,UNIT,271.38
2026-03-18,VCTR,455.51
2026-03-18,WAVE,71.41
2026-03-18,XENO,51.49
2026-03-18,YARD,427.9
2026-03-18,ZETA,319.97
2026-03-18,AERO,72.55
2026-03-18,BETA,398.73
2026-03-18,CAPE,407.8
2026-03-18,DOME,279.91
2026-03-19,ALFA,141.35
2026-03-19,BRVO,409.66
2026-03-19,CYGN,118.53
2026-03-19,DRVN,294.47
2026-03-19,ELMT,368.82
2026-03-19,FLUX,167.11
2026-03-19,GRIT,64.81
2026-03-19,HARB,359.81
2026-03-19,IVRY,181.4
2026-03-19,JUNO,415.29
2026-03-19,KITE,121.05
2026-03-19,LUMA,67.33
2026-03-19,MESA,186.0
2026-03-19,NOVA,303.74
2026-03-19,ORBT,93.48
2026-03-19,PRSM,264.42
2026-03-19,QUAD,121.54
2026-03-19,RIVR,113.99
2026-03-19,SOLR,300.02
2026-03-19,TRAX,140.46
2026-03-19,UNIT,284.8
2026-03-19,VCTR,426.26
2026-03-19,WAVE,71.82
2026-03-19,XENO,51.49
2026-03-19,YARD,438.98
2026-03-19,ZETA,314.23
2026-03-19,AERO,72.06
2026-03-19,BETA,382.35
2026-03-19,CAPE,405.26
2026-03-19,DOME,276.97
2026-03-20,ALFA,141.55
2026-03-20,BRVO,402.02
2026-03-20,CYGN,116.98
2026-03-20,DRVN,302.99
2026-03-20,ELMT,367.81
2026-03-20,FLUX,172.14
2026-03-20,GRIT,64.61
2026-03-20,HARB,353.25
2026-03-20,IVRY,181.79
2026-03-20,JUNO,386.93
2026-03-20,KITE,121.22
2026-03-20,LUMA,68.4
2026-03-20,MESA,187.37
2026-03-20,NOVA,304.08
2026-03-20,ORBT,95.16
2026-03-20,PRSM,272.58
2026-03-20,QUAD,121.93
2026-03-20,RIVR,112.87
2026-03-20,SOLR,306.03
2026-03-20,TRAX,134.9
2026-03-20,UNIT,266.51
2026-03-20,VCTR,445.21
2026-03-20,WAVE,72.38
2026-03-20,XENO,51.18
2026-03-20,YARD,446.56
2026-03-20,ZETA,317.12
2026-03-20,AERO,74.47
2026-03-20,BETA,408.44
2026-03-20,CAPE,406.0
2026-03-20,DOME,278.42
2026-03-23,ALFA,143.11
2026-03-23,BRVO,413.64
2026-03-23,CYGN,118.63
2026-03-23,DRVN,296.63
2026-03-23,ELMT,376.34
2026-03-23,FLUX,174.24
2026-03-23,GRIT,65.32
2026-03-23,HARB,379.99
2026-03-23,IVRY,185.54
2026-03-23,JUNO,409.36
2026-03-23,KITE,122.28
2026-03-23,LUMA,67.55
2026-03-23,MESA,183.83
2026-03-23,NOVA,297.07
2026-03-23,ORBT,94.5
2026-03-23,PRSM,259.38
2026-03-23,QUAD,124.84
2026-03-23,RIVR,111.25
2026-03-23,SOLR,303.54
2026-03-23,TRAX,137.56
2026-03-23,UNIT,266.78
2026-03-23,VCTR,447.57
2026-03-23,WAVE,70.4
2026-03-23,XENO,52.14
2026-03-23,YARD,420.24
2026-03-23,ZETA,315.21
2026-03-23,AERO,72.64
2026-03-23,BETA,399.75
2026-03-23,CAPE,405.57
2026-03-23,DOME,292.7
2026-03-24,ALFA,145.03
2026-03-24,BRVO,409.17
2026-03-24,CYGN,114.44
2026-03-24,DRVN,304.73
2026-03-24,ELMT,371.67
2026-03-24,FLUX,169.28
2026-03-24,GRIT,63.49
2026-03-24,HARB,365.86
2026-03-24,IVRY,188.4
2026-03-24,JUNO,387.98
2026-03-24,KITE,118.88
2026-03-24,LUMA,69.34
2026-03-24,MESA,182.2
2026-03-24,NOVA,306.64
2026-03-24,ORBT,92.68
2026-03-24,PRSM,267.29
2026-03-24,QUAD,123.67
2026-03-24,RIVR,117.51
2026-03-24,SOLR,309.09
2026-03-24,TRAX,134.73
2026-03-24,UNIT,274.23
2026-03-24,VCTR,459.9
2026-03-24,WAVE,72.68
2026-03-24,XENO,52.08
2026-03-24,YARD,418.45
2026-03-24,ZETA,319.44
2026-03-24,AERO,71.86
2026-03-24,BETA,391.63
2026-03-24,CAPE,399.25
2026-03-24,DOME,281.45
2026-03-25,ALFA,144.03
2026-03-25,BRVO,398.92
2026-03-25,CYGN,121.52
2026-03-25,DRVN,299.57
2026-03-25,ELMT,377.93
2026-03-25,FLUX,167.56
2026-03-25,GRIT,65.08
2026-03-25,HARB,364.1
2026-03-25,IVRY,192.31
2026-03-25,JUNO,385.3
2026-03-25,KITE,122.33
2026-03-25,LUMA,67.12
2026-03-25,MESA,180.79
2026-03-25,NOVA,282.27
2026-03-25,ORBT,93.43
2026-03-25,PRSM,264.33
2026-03-25,QUAD,119.99
2026-03-25,RIVR,114.67
2026-03-25,SOLR,301.34
2026-03-25,TRAX,135.22
2026-03-25,UNIT,278.37
2026-03-25,VCTR,441.6
2026-03-25,WAVE,71.99
2026-03-25,XENO,52.13
2026-03-25,YARD,447.48
2026-03-25,ZETA,311.88
2026-03-25,AERO,73.2
2026-03-25,BETA,400.91
2026-03-25,CAPE,406.08
2026-03-25,DOME,281.05
2026-03-26,ALFA,139.4
2026-03-26,BRVO,408.2
2026-03-26,CYGN,116.07
2026-03-26,DRVN,304.63
2026-03-26,ELMT,377.73
2026-03-26,FLUX,167.83
2026-03-26,GRIT,64.31
2026-03-26,HARB,365.73
2026-03-26,IVRY,189.6
2026-03-26,JUNO,376.73
2026-03-26,KITE,120.32
2026-03-26,LUMA,66.84
2026-03-26,MESA,181.01
2026-03-26,NOVA,314.28
2026-03-26,ORBT,97.27
2026-03-26,PRSM,263.77
2026-03-26,QUAD,122.46
2026-03-26,RIVR,108.35
2026-03-26,SOLR,306.48
2026-03-26,TRAX,140.8
2026-03-26,UNIT,267.01
2026-03-26,VCTR,463.71
2026-03-26,WAVE,71.88
2026-03-26,XENO,51.54
2026-03-26,YARD,454.48
2026-03-26,ZETA,312.16
2026-03-26,AERO,75.31
2026-03-26,BETA,390.2
2026-03-26,CAPE,417.48
2026-03-26,DOME,282.56
2026-03-27,ALFA,139.47
2026-03-27,BRVO,407.53
2026-03-27,CYGN,117.64
2026-03-27,DRVN,290.53
2026-03-27,ELMT,365.4
2026-03-27,FLUX,166.56
2026-03-27,GRIT,64.81
2026-03-27,HARB,354.09
2026-03-27,IVRY,184.4
2026-03-27,JUNO,382.59
2026-03-27,KITE,122.59
2026-03-27,LUMA,69.88
2026-03-27,MESA,180.44
2026-03-27,NOVA,303.76
2026-03-27,ORBT,93.15
2026-03-27,PRSM,264.6
2026-03-27,QUAD,122.75
2026-03-27,RIVR,115.57
2026-03-27,SOLR,308.15
2026-03-27,TRAX,139.27
2026-03-27,UNIT,278.35
2026-03-27,VCTR,468.72
2026-03-27,WAVE,74.15
2026-03-27,XENO,50.62
2026-03-27,YARD,436.21
2026-03-27,ZETA,318.16
2026-03-27,AERO,69.84
2026-03-27,BETA,397.8
2026-03-27,CAPE,424.02
2026-03-27,DOME,279.73
2026-03-30,ALFA,144.22
2026-03-30,BRVO,407.11
2026-03-30,CYGN,116.06
2026-03-30,DRVN,305.84
2026-03-30,ELMT,363.32
2026-03-30,FLUX,172.3
2026-03-30,GRIT,65.81
2026-03-30,HARB,381.36
2026-03-30,IVRY,181.42
2026-03-30,JUNO,382.9
2026-03-30,KITE,123.66
2026-03-30,LUMA,67.16
2026-03-30,MESA,183.72
2026-03-30,NOVA,303.46
2026-03-30,ORBT,95.34
2026-03-30,PRSM,270.14
2026-03-30,QUAD,122.38
2026-03-30,RIVR,114.96
2026-03-30,SOLR,309.68
2026-03-30,TRAX,135.99
2026-03-30,UNIT,280.28
2026-03-30,VCTR,439.98
2026-03-30,WAVE,73.09
2026-03-30,XENO,50.81
2026-03-30,YARD,424.87
2026-03-30,ZETA,310.61
2026-03-30,AERO,70.72
2026-03-30,BETA,388.57
2026-03-30,CAPE,393.39
2026-03-30,DOME,285.05
2026-03-31,ALFA,142.54
2026-03-31,BRVO,407.41
2026-03-31,CYGN,121.58
2026-03-31,DRVN,298.78
2026-03-31,ELMT,375.23
2026-03-31,FLUX,170.82
2026-03-31,GRIT,66.19
2026-03-31,HARB,379.69
2026-03-31,IVRY,192.45
2026-03-31,JUNO,399.1
2026-03-31,KITE,118.79
2026-03-31,LUMA,68.35
2026-03-31,MESA,181.37
2026-03-31,NOVA,297.42
2026-03-31,ORBT,94.1
2026-03-31,PRSM,262.76
2026-03-31,QUAD,121.94
2026-03-31,RIVR,115.25
2026-03-31,SOLR,307.5
2026-03-31,TRAX,135.79
2026-03-31,UNIT,273.95
2026-03-31,VCTR,432.59
2026-03-31,WAVE,72.35
2026-03-31,XENO,51.79
2026-03-31,YARD,446.86
2026-03-31,ZETA,311.39
2026-03-31,AERO,72.18
2026-03-31,BETA,405.17
2026-03-31,CAPE,408.21
2026-03-31,DOME,279.25
2026-04-01,ALFA,136.46
2026-04-01,BRVO,406.86
2026-04-01,CYGN,118.61
2026-04-01,DRVN,296.65
2026-04-01,ELMT,379.57
2026-04-01,FLUX,169.03
2026-04-01,GRIT,64.32
2026-04-01,HARB,359.52
2026-04-01,IVRY,182.76
2026-04-01,JUNO,389.55
2026-04-01,KITE,120.01
2026-04-01,LUMA,67.62
2026-04-01,MESA,184.41
2026-04-01,NOVA,296.33
2026-04-01,ORBT,96.46
2026-04-01,PRSM,270.79
2026-04-01,QUAD,121.35
2026-04-01,RIVR,118.9
2026-04-01,SOLR,297.89
2026-04-01,TRAX,134.99
2026-04-01,UNIT,274.78
2026-04-01,VCTR,442.46
2026-04-01,WAVE,73.67
2026-04-01,XENO,52.38
2026-04-01,YARD,426.87
2026-04-01,ZETA,314.39
2026-04-01,AERO,73.3
2026-04-01,BETA,397.04
2026-04-01,CAPE,423.15
2026-04-01,DOME,286.75
2026-04-02,ALFA,141.69
2026-04-02,BRVO,402.74
2026-04-02,CYGN,119.06
2026-04-02,DRVN,308.45
2026-04-02,ELMT,366.65
2026-04-02,FLUX,169.37
2026-04-02,GRIT,64.99
2026-04-02,HARB,353.45
2026-04-02,IVRY,178.44
2026-04-02,JUNO,389.48
2026-04-02,KITE,116.85
2026-04-02,LUMA,66.92
2026-04-02,MESA,184.67
2026-04-02,NOVA,313.96
2026-04-02,ORBT,98.16
2026-04-02,PRSM,262.35
2026-04-02,QUAD,120.15
2026-04-02,RIVR,108.98
2026-04-02,SOLR,301.59
2026-04-02,TRAX,140.59
2026-04-02,UNIT,267.67
2026-04-02,VCTR,458.25
2026-04-02,WAVE,69.62
2026-04-02,XENO,52.63
2026-04-02,YARD,445.79
2026-04-02,ZETA,309.25
2026-04-02,AERO,71.77
2026-04-02,BETA,418.07
2026-04-02,CAPE,400.66
2026-04-02,DOME,290.14
2026-04-03,ALFA,139.65
2026-04-03,BRVO,407.87
2026-04-03,CYGN,119.36
2026-04-03,DRVN,301.67
2026-04-03,ELMT,370.51
2026-04-03,FLUX,168.15
2026-04-03,GRIT,62.59
2026-04-03,HARB,369.38
2026-04-03,IVRY,186.71
2026-04-03,JUNO,400.3
2026-04-03,KITE,120.39
2026-04-03,LUMA,68.57
2026-04-03,MESA,180.86
2026-04-03,NOVA,298.22
2026-04-03,ORBT,95.03
2026-04-03,PRSM,261.46
2026-04-03,QUAD,120.39
2026-04-03,RIVR,116.88
2026-04-03,SOLR,317.99
2026-04-03,TRAX,135.67
2026-04-03,UNIT,274.02
2026-04-03,VCTR,429.82
2026-04-03,WAVE,74.1
2026-04-03,XENO,50.78
2026-04-03,YARD,450.87
2026-04-03,ZETA,314.0
2026-04-03,AERO,69.63
2026-04-03,BETA,397.59
2026-04-03,CAPE,416.75
2026-04-03,DOME,286.81
2026-04-06,ALFA,143.06
2026-04-06,BRVO,400.84
2026-04-06,CYGN,117.16
2026-04-06,DRVN,307.51
2026-04-06,ELMT,369.1
2026-04-06,FLUX,170.66
2026-04-06,GRIT,64.34
2026-04-06,HARB,363.79
2026-04-06,IVRY,178.73
2026-04-06,JUNO,391.64
2026-04-06,KITE,120.06
2026-04-06,LUMA,68.03
2026-04-06,MESA,177.12
2026-04-06,NOVA,300.61
2026-04-06,ORBT,96.03
2026-04-06,PRSM,250.69
2026-04-06,QUAD,124.26
2026-04-06,RIVR,113.28
2026-04-06,SOLR,304.85
2026-04-06,TRAX,139.17
2026-04-06,UNIT,273.71
2026-04-06,VCTR,449.64
2026-04-06,WAVE,73.3
2026-04-06,XENO,52.38
2026-04-06,YARD,440.53
2026-04-06,ZETA,315.26
2026-04-06,AERO,70.75
2026-04-06,BETA,392.13
2026-04-06,CAPE,405.65
2026-04-06,DOME,282.51
2026-04-07,ALFA,143.22
2026-04-07,BRVO,400.48
2026-04-07,CYGN,115.0
2026-04-07,DRVN,299.26
2026-04-07,ELMT,363.01
2026-04-07,FLUX,168.74
2026-04-07,GRIT,65.19
2026-04-07,HARB,357.63
2026-04-07,IVRY,186.31
2026-04-07,JUNO,380.91
2026-04-07,KITE,123.63
2026-04-07,LUMA,66.79
2026-04-07,MESA,184.66
2026-04-07,NOVA,296.96
2026-04-07,ORBT,93.2
2026-04-07,PRSM,260.51
2026-04-07,QUAD,124.32
2026-04-07,RIVR,117.14
2026-04-07,SOLR,295.19
2026-04-07,TRAX,138.96
2026-04-07,UNIT,282.57
2026-04-07,VCTR,446.53
2026-04-07,WAVE,70.96
2026-04-07,XENO,52.79
2026-04-07,YARD,434.49
2026-04-07,ZETA,322.11
2026-04-07,AERO,71.68
2026-04-07,BETA,393.26
2026-04-07,CAPE,410.57
2026-04-07,DOME,281.05
2026-04-08,ALFA,140.56
2026-04-08,BRVO,407.16
2026-04-08,CYGN,119.4
2026-04-08,DRVN,303.15
2026-04-08,ELMT,376.58
2026-04-08,FLUX,166.84
2026-04-08,GRIT,63.83
2026-04-08,HARB,358.61
2026-04-08,IVRY,188.6
2026-04-08,JUNO,397.97
2026-04-08,KITE,123.18
2026-04-08,LUMA,68.07
2026-04-08,MESA,186.31
2026-04-08,NOVA,299.99
2026-04-08,ORBT,95.48
2026-04-08,PRSM,261.52
2026-04-08,QUAD,122.91
2026-04-08,RIVR,115.08
2026-04-08,SOLR,302.53
2026-04-08,TRAX,137.46
2026-04-08,UNIT,286.38
2026-04-08,VCTR,431.64
2026-04-08,WAVE,72.14
2026-04-08,XENO,51.5
2026-04-08,YARD,441.24
2026-04-08,ZETA,312.01
2026-04-08,AERO,72.6
2026-04-08,BETA,387.87
2026-04-08,CAPE,408.15
2026-04-08,DOME,286.8
2026-04-09,ALFA,137.05
2026-04-09,BRVO,404.36
2026-04-09,CYGN,117.73
2026-04-09,DRVN,297.64
2026-04-09,ELMT,373.62
2026-04-09,FLUX,168.44
2026-04-09,GRIT,64.8
2026-04-09,HARB,375.05
2026-04-09,IVRY,185.72
2026-04-09,JUNO,392.44
2026-04-09,KITE,121.94
2026-04-09,LUMA,68.93
2026-04-09,MESA,184.02
2026-04-09,NOVA,297.78
2026-04-09,ORBT,98.2
2026-04-09,PRSM,254.99
2026-04-09,QUAD,122.91
2026-04-09,RIVR,114.54
2026-04-09,SOLR,311.17
2026-04-09,TRAX,133.82
2026-04-09,UNIT,281.33
2026-04-09,VCTR,447.47
2026-04-09,WAVE,73.97
2026-04-09,XENO,51.36
2026-04-09,YARD,431.13
2026-04-09,ZETA,318.88
2026-04-09,AERO,71.58
2026-04-09,BETA,398.84
2026-04-09,CAPE,395.49
2026-04-09,DOME,282.7
2026-04-10,ALFA,146.42
2026-04-10,BRVO,406.23
2026-04-10,CYGN,121.01
2026-04-10,DRVN,298.04
2026-04-10,ELMT,362.71
2026-04-10,FLUX,169.69
2026-04-10,GRIT,65.08
2026-04-10,HARB,365.79
2026-04-10,IVRY,186.53
2026-04-10,JUNO,387.28
2026-04-10,KITE,121.02
2026-04-10,LUMA,67.37
2026-04-10,MESA,183.67
2026-04-10,NOVA,282.38
2026-04-10,ORBT,93.26
2026-04-10,PRSM,262.3
2026-04-10,QUAD,121.33
2026-04-10,RIVR,110.86
2026-04-10,SOLR,304.94
2026-04-10,TRAX,134.75
2026-04-10,UNIT,274.77
2026-04-10,VCTR,450.47
2026-04-10,WAVE,71.3
2026-04-10,XENO,52.32
2026-04-10,YARD,443.23
2026-04-10,ZETA,310.3
2026-04-10,AERO,73.04
2026-04-10,BETA,396.75
2026-04-10,CAPE,405.67
2026-04-10,DOME,284.85
2026-04-13,ALFA,144.64
2026-04-13,BRVO,404.18
2026-04-13,CYGN,120.05
2026-04-13,DRVN,301.78
2026-04-13,ELMT,363.32
2026-04-13,FLUX,172.59
2026-04-13,GRIT,64.15
2026-04-13,HARB,363.64
2026-04-13,IVRY,189.16
2026-04-13,JUNO,394.07
2026-04-13,KITE,124.22
2026-04-13,LUMA,70.0
2026-04-13,MESA,185.68
2026-04-13,NOVA,306.16
2026-04-13,ORBT,95.04
2026-04-13,PRSM,269.34
2026-04-13,QUAD,120.13
2026-04-13,RIVR,113.23
2026-04-13,SOLR,297.99
2026-04-13,TRAX,136.71
2026-04-13,UNIT,269.88
2026-04-13,VCTR,435.04
2026-04-13,WAVE,73.01
2026-04-13,XENO,51.33
2026-04-13,YARD,453.82
2026-04-13,ZETA,313.08
2026-04-13,AERO,72.92
2026-04-13,BETA,386.91
2026-04-13,CAPE,423.07
2026-04-13,DOME,285.22
2026-04-14,ALFA,143.78
2026-04-14,BRVO,404.78
2026-04-14,CYGN,119.49
2026-04-14,DRVN,301.23
2026-04-14,ELMT,363.63
2026-04-14,FLUX,171.87
2026-04-14,GRIT,63.96
2026-04-14,HARB,374.5
2026-04-14,IVRY,188.57
2026-04-14,JUNO,377.99
2026-04-14,KITE,121.36
2026-04-14,LUMA,66.07
2026-04-14,MESA,184.17
2026-04-14,NOVA,301.45
2026-04-14,ORBT,94.94
2026-04-14,PRSM,268.24
2026-04-14,QUAD,120.13
2026-04-14,RIVR,119.56
2026-04-14,SOLR,303.02
2026-04-14,TRAX,139.51
2026-04-14,UNIT,273.32
2026-04-14,VCTR,452.33
2026-04-14,WAVE,72.64
2026-04-14,XENO,52.91
2026-04-14,YARD,441.23
2026-04-14,ZETA,320.81
2026-04-14,AERO,73.64
2026-04-14,BETA,393.28
2026-04-14,CAPE,397.45
2026-04-14,DOME,279.09
2026-04-15,ALFA,138.58
2026-04-15,BRVO,400.18
2026-04-15,CYGN,119.65
2026-04-15,DRVN,305.02
2026-04-15,ELMT,367.55
2026-04-15,FLUX,169.75
2026-04-15,GRIT,65.5
2026-04-15,HARB,383.41
2026-04-15,IVRY,183.4
2026-04-15,JUNO,396.99
2026-04-15,KITE,122.69
2026-04-15,LUMA,68.27
2026-04-15,MESA,181.95
2026-04-15,NOVA,298.43
2026-04-15,ORBT,92.2
2026-04-15,PRSM,269.58
2026-04-15,QUAD,122.2
2026-04-15,RIVR,117.23
2026-04-15,SOLR,302.68
2026-04-15,TRAX,138.81
2026-04-15,UNIT,267.48
2026-04-15,VCTR,441.92
2026-04-15,WAVE,70.86
2026-04-15,XENO,51.9
2026-04-15,YARD,419.28
2026-04-15,ZETA,325.07
2026-04-15,AERO,73.24
2026-04-15,BETA,389.83
2026-04-15,CAPE,425.71
2026-04-15,DOME,285.82
2026-04-16,ALFA,147.18
2026-04-16,BRVO,413.22
2026-04-16,CYGN,116.37
2026-04-16,DRVN,298.9
2026-04-16,ELMT,364.12
2026-04-16,FLUX,169.79
2026-04-16,GRIT,66.56
2026-04-16,HARB,379.43
2026-04-16,IVRY,189.68
2026-04-16,JUNO,400.66
2026-04-16,KITE,123.56
2026-04-16,LUMA,68.21
2026-04-16,MESA,179.77
2026-04-16,NOVA,292.22
2026-04-16,ORBT,98.05
2026-04-16,PRSM,265.02
2026-04-16,QUAD,122.55
2026-04-16,RIVR,114.67
2026-04-16,SOLR,304.92
2026-04-16,TRAX,135.31
2026-04-16,UNIT,277.58
2026-04-16,VCTR,450.26
2026-04-16,WAVE,74.8
2026-04-16,XENO,51.2
2026-04-16,YARD,426.18
2026-04-16,ZETA,321.3
2026-04-16,AERO,72.37
2026-04-16,BETA,385.32
2026-04-16,CAPE,419.38
2026-04-16,DOME,280.01
2026-04-17,ALFA,140.53
2026-04-17,BRVO,411.54
2026-04-17,CYGN,116.54
2026-04-17,DRVN,288.99
2026-04-17,ELMT,369.53
2026-04-17,FLUX,169.53
2026-04-17,GRIT,65.22
2026-04-17,HARB,371.06
2026-04-17,IVRY,187.11
2026-04-17,JUNO,397.45
2026-04-17,KITE,122.82
2026-04-17,LUMA,69.1
2026-04-17,MESA,181.78
2026-04-17,NOVA,305.78
2026-04-17,ORBT,94.47
2026-04-17,PRSM,263.85
2026-04-17,QUAD,125.85
2026-04-17,RIVR,120.04
2026-04-17,SOLR,303.62
2026-04-17,TRAX,135.69
2026-04-17,UNIT,268.06
2026-04-17,VCTR,445.26
2026-04-17,WAVE,71.87
2026-04-17,XENO,53.54
2026-04-17,YARD,441.98
2026-04-17,ZETA,318.74
2026-04-17,AERO,72.43
2026-04-17,BETA,389.32
2026-04-17,CAPE,419.61
2026-04-17,DOME,284.64
2026-04-20,ALFA,144.31
2026-04-20,BRVO,406.66
2026-04-20,CYGN,120.22
2026-04-20,DRVN,293.08
2026-04-20,ELMT,376.6
2026-04-20,FLUX,165.77
2026-04-20,GRIT,64.36
2026-04-20,HARB,376.83
2026-04-20,IVRY,187.28
2026-04-20,JUNO,395.03
2026-04-20,KITE,123.86
2026-04-20,LUMA,67.29
2026-04-20,MESA,180.59
2026-04-20,NOVA,297.8
2026-04-20,ORBT,93.85
2026-04-20,PRSM,262.45
2026-04-20,QUAD,124.66
2026-04-20,RIVR,114.61
2026-04-20,SOLR,302.53
2026-04-20,TRAX,138.39
2026-04-20,UNIT,270.77
2026-04-20,VCTR,464.07
2026-04-20,WAVE,70.13
2026-04-20,XENO,52.48
2026-04-20,YARD,424.02
2026-04-20,ZETA,309.35
2026-04-20,AERO,70.73
2026-04-20,BETA,386.25
2026-04-20,CAPE,420.63
2026-04-20,DOME,278.54
2026-04-21,ALFA,141.89
2026-04-21,BRVO,405.93
2026-04-21,CYGN,121.18
2026-04-21,DRVN,298.15
2026-04-21,ELMT,374.54
2026-04-21,FLUX,167.76
2026-04-21,GRIT,64.34
2026-04-21,HARB,378.46
2026-04-21,IVRY,183.24
2026-04-21,JUNO,397.57
2026-04-21,KITE,116.94
2026-04-21,LUMA,69.09
2026-04-21,MESA,185.61
2026-04-21,NOVA,303.26
2026-04-21,ORBT,93.53
2026-04-21,PRSM,262.91
2026-04-21,QUAD,122.63
2026-04-21,RIVR,116.17
2026-04-21,SOLR,296.54
2026-04-21,TRAX,134.01
2026-04-21,UNIT,279.76
2026-04-21,VCTR,442.23
2026-04-21,WAVE,72.2
2026-04-21,XENO,51.85
2026-04-21,YARD,442.96
2026-04-21,ZETA,314.94
2026-04-21,AERO,73.03
2026-04-21,BETA,410.31
2026-04-21,CAPE,421.58
2026-04-21,DOME,277.38
2026-04-22,ALFA,141.28
2026-04-22,BRVO,391.86
2026-04-22,CYGN,115.83
2026-04-22,DRVN,293.92
2026-04-22,ELMT,372.14
2026-04-22,FLUX,170.15
2026-04-22,GRIT,65.94
2026-04-22,HARB,369.19
2026-04-22,IVRY,192.02
2026-04-22,JUNO,389.36
2026-04-22,KITE,121.9
2026-04-22,LUMA,68.1
2026-04-22,MESA,185.8
2026-04-22,NOVA,295.58
2026-04-22,ORBT,95.63
2026-04-22,PRSM,260.65
2026-04-22,QUAD,120.43
2026-04-22,RIVR,109.84
2026-04-22,SOLR,301.05
2026-04-22,TRAX,136.74
2026-04-22,UNIT,274.86
2026-04-22,VCTR,448.87
2026-04-22,WAVE,72.0
2026-04-22,XENO,52.45
2026-04-22,YARD,456.28
2026-04-22,ZETA,323.66
2026-04-22,AERO,73.59
2026-04-22,BETA,399.62
2026-04-22,CAPE,411.48
2026-04-22,DOME,281.75
2026-04-23,ALFA,140.02
2026-04-23,BRVO,404.37
2026-04-23,CYGN,117.78
2026-04-23,DRVN,302.3
2026-04-23,ELMT,374.31
2026-04-23,FLUX,169.34
2026-04-23,GRIT,63.47
2026-04-23,HARB,360.6
2026-04-23,IVRY,187.64
2026-04-23,JUNO,405.24
2026-04-23,KITE,124.88
2026-04-23,LUMA,68.61
2026-04-23,MESA,181.0
2026-04-23,NOVA,302.92
2026-04-23,ORBT,93.63
2026-04-23,PRSM,260.18
2026-04-23,QUAD,124.33
2026-04-23,RIVR,118.89
2026-04-23,SOLR,304.58
2026-04-23,TRAX,135.07
2026-04-23,UNIT,273.89
2026-04-23,VCTR,454.9
2026-04-23,WAVE,72.23
2026-04-23,XENO,51.7
2026-04-23,YARD,452.91
2026-04-23,ZETA,312.43
2026-04-23,AERO,72.02
2026-04-23,BETA,400.05
2026-04-23,CAPE,407.21
2026-04-23,DOME,282.23
2026-04-24,ALFA,144.75
2026-04-24,BRVO,403.56
2026-04-24,CYGN,118.11
2026-04-24,DRVN,310.67
2026-04-24,ELMT,377.89
2026-04-24,FLUX,169.15
2026-04-24,GRIT,63.49
2026-04-24,HARB,367.15
2026-04-24,IVRY,188.62
2026-04-24,JUNO,405.89
2026-04-24,KITE,121.08
2026-04-24,LUMA,67.17
2026-04-24,MESA,182.99
2026-04-24,NOVA,296.77
2026-04-24,ORBT,91.98
2026-04-24,PRSM,255.62
2026-04-24,QUAD,120.62
2026-04-24,RIVR,114.25
2026-04-24,SOLR,307.62
2026-04-24,TRAX,136.84
2026-04-24,UNIT,273.24
2026-04-24,VCTR,455.61
2026-04-24,WAVE,69.62
2026-04-24,XENO,51.69
2026-04-24,YARD,448.46
2026-04-24,ZETA,322.04
2026-04-24,AERO,72.28
2026-04-24,BETA,394.54
2026-04-24,CAPE,411.67
2026-04-24,DOME,286.18
2026-04-27,ALFA,143.72
2026-04-27,BRVO,400.0
2026-04-27,CYGN,117.16
2026-04-27,DRVN,307.09
2026-04-27,ELMT,367.51
2026-04-27,FLUX,167.81
2026-04-27,GRIT,65.63
2026-04-27,HARB,375.03
2026-04-27,IVRY,190.3
2026-04-27,JUNO,387.67
2026-04-27,KITE,119.27
2026-04-27,LUMA,67.24
2026-04-27,MESA,185.33
2026-04-27,NOVA,303.69
2026-04-27,ORBT,93.9
2026-04-27,PRSM,260.47
2026-04-27,QUAD,124.05
2026-04-27,RIVR,114.02
2026-04-27,SOLR,304.53
2026-04-27,TRAX,133.91
2026-04-27,UNIT,284.08
2026-04-27,VCTR,454.52
2026-04-27,WAVE,72.44
2026-04-27,XENO,51.38
2026-04-27,YARD,432.89
2026-04-27,ZETA,322.97
2026-04-27,AERO,74.73
2026-04-27,BETA,397.88
2026-04-27,CAPE,399.11
2026-04-27,DOME,283.77
2026-04-28,ALFA,141.42
2026-04-28,BRVO,395.32
2026-04-28,CYGN,116.29
2026-04-28,DRVN,301.26
2026-04-28,ELMT,362.93
2026-04-28,FLUX,170.44
2026-04-28,GRIT,62.88
2026-04-28,HARB,357.92
2026-04-28,IVRY,185.82
2026-04-28,JUNO,388.16
2026-04-28,KITE,122.25
2026-04-28,LUMA,68.95
2026-04-28,MESA,181.38
2026-04-28,NOVA,298.6
2026-04-28,ORBT,95.32
2026-04-28,PRSM,269.78
2026-04-28,QUAD,120.15
2026-04-28,RIVR,118.6
2026-04-28,SOLR,295.49
2026-04-28,TRAX,136.07
2026-04-28,UNIT,262.89
2026-04-28,VCTR,444.89
2026-04-28,WAVE,72.22
2026-04-28,XENO,52.95
2026-04-28,YARD,439.86
2026-04-28,ZETA,323.83
2026-04-28,AERO,74.85
2026-04-28,BETA,400.82
2026-04-28,CAPE,431.51
2026-04-28,DOME,287.55
2026-04-29,ALFA,140.6
2026-04-29,BRVO,402.35
2026-04-29,CYGN,118.83
2026-04-29,DRVN,294.47
2026-04-29,ELMT,362.33
2026-04-29,FLUX,167.27
2026-04-29,GRIT,65.93
2026-04-29,HARB,366.57
2026-04-29,IVRY,187.53
2026-04-29,JUNO,395.58
2026-04-29,KITE,122.63
2026-04-29,LUMA,67.38
2026-04-29,MESA,184.35
2026-04-29,NOVA,294.83
2026-04-29,ORBT,97.4
2026-04-29,PRSM,273.11
2026-04-29,QUAD,122.48
2026-04-29,RIVR,118.72
2026-04-29,SOLR,294.57
2026-04-29,TRAX,137.01
2026-04-29,UNIT,274.51
2026-04-29,VCTR,431.62
2026-04-29,WAVE,71.79
2026-04-29,XENO,54.12
2026-04-29,YARD,438.54
2026-04-29,ZETA,304.12
2026-04-29,AERO,73.94
2026-04-29,BETA,404.21
2026-04-29,CAPE,415.14
2026-04-29,DOME,281.83
2026-04-30,ALFA,142.93
2026-04-30,BRVO,407.43
2026-04-30,CYGN,116.57
2026-04-30,DRVN,301.12
2026-04-30,ELMT,368.1
2026-04-30,FLUX,171.07
2026-04-30,GRIT,64.54
2026-04-30,HARB,356.72
2026-04-30,IVRY,187.14
2026-04-30,JUNO,391.48
2026-04-30,KITE,120.4
2026-04-30,LUMA,67.65
2026-04-30,MESA,181.43
2026-04-30,NOVA,307.29
2026-04-30,ORBT,94.79
2026-04-30,PRSM,269.06
2026-04-30,QUAD,123.0
2026-04-30,RIVR,115.11
2026-04-30,SOLR,311.11
2026-04-30,TRAX,136.88
2026-04-30,UNIT,278.59
2026-04-30,VCTR,449.87
2026-04-30,WAVE,73.49
2026-04-30,XENO,50.8
2026-04-30,YARD,447.46
2026-04-30,ZETA,321.11
2026-04-30,AERO,73.6
2026-04-30,BETA,400.16
2026-04-30,CAPE,414.21
2026-04-30,DOME,279.14
2026-05-01,ALFA,141.81
2026-05-01,BRVO,401.07
2026-05-01,CYGN,117.78
2026-05-01,DRVN,297.08
2026-05-01,ELMT,371.3
2026-05-01,FLUX,167.19
2026-05-01,GRIT,64.8
2026-05-01,HARB,367.03
2026-05-01,IVRY,185.45
2026-05-01,JUNO,399.69
2026-05-01,KITE,121.39
2026-05-01,LUMA,68.25
2026-05-01,MESA,180.24
2026-05-01,NOVA,307.86
2026-05-01,ORBT,94.5
2026-05-01,PRSM,260.3
2026-05-01,QUAD,122.24
2026-05-01,RIVR,110.77
2026-05-01,SOLR,306.19
2026-05-01,TRAX,138.69
2026-05-01,UNIT,269.49
2026-05-01,VCTR,431.81
2026-05-01,WAVE,72.63
2026-05-01,XENO,51.25
2026-05-01,YARD,445.5
2026-05-01,ZETA,304.47
2026-05-01,AERO,73.28
2026-05-01,BETA,404.4
2026-05-01,CAPE,417.39
2026-05-01,DOME,288.53
2026-05-04,ALFA,139.31
2026-05-04,BRVO,402.88
2026-05-04,CYGN,114.78
2026-05-04,DRVN,298.22
2026-05-04,ELMT,367.37
2026-05-04,FLUX,174.11
2026-05-04,GRIT,63.25
2026-05-04,HARB,372.26
2026-05-04,IVRY,187.72
2026-05-04,JUNO,383.02
2026-05-04,KITE,121.61
2026-05-04,LUMA,68.2
2026-05-04,MESA,183.46
2026-05-04,NOVA,302.95
2026-05-04,ORBT,95.83
2026-05-04,PRSM,262.97
2026-05-04,QUAD,120.31
2026-05-04,RIVR,110.27
2026-05-04,SOLR,305.03
2026-05-04,TRAX,137.38
2026-05-04,UNIT,271.02
2026-05-04,VCTR,453.95
2026-05-04,WAVE,71.2
2026-05-04,XENO,51.38
2026-05-04,YARD,450.27
2026-05-04,ZETA,323.64
2026-05-04,AERO,72.45
2026-05-04,BETA,392.62
2026-05-04,CAPE,418.89
2026-05-04,DOME,283.13
2026-05-05,ALFA,140.16
2026-05-05,BRVO,397.6
2026-05-05,CYGN,119.57
2026-05-05,DRVN,298.27
2026-05-05,ELMT,374.26
2026-05-05,FLUX,167.52
2026-05-05,GRIT,65.15
2026-05-05,HARB,365.49
2026-05-05,IVRY,185.19
2026-05-05,JUNO,398.47
2026-05-05,KITE,121.75
2026-05-05,LUMA,69.81
2026-05-05,MESA,181.92
2026-05-05,NOVA,302.13
2026-05-05,ORBT,94.76
2026-05-05,PRSM,265.53
2026-05-05,QUAD,122.17
2026-05-05,RIVR,119.68
2026-05-05,SOLR,305.35
2026-05-05,TRAX,136.67
2026-05-05,UNIT,275.24
2026-05-05,VCTR,463.72
2026-05-05,WAVE,72.77
2026-05-05,XENO,52.03
2026-05-05,YARD,421.19
2026-05-05,ZETA,324.22
2026-05-05,AERO,73.47
2026-05-05,BETA,397.8
2026-05-05,CAPE,393.42
2026-05-05,DOME,284.76
2026-05-06,ALFA,140.66
2026-05-06,BRVO,411.31
2026-05-06,CYGN,124.0
2026-05-06,DRVN,300.96
2026-05-06,ELMT,373.09
2026-05-06,FLUX,170.24
2026-05-06,GRIT,65.46
2026-05-06,HARB,388.02
2026-05-06,IVRY,182.81
2026-05-06,JUNO,384.34
2026-05-06,KITE,120.11
2026-05-06,LUMA,67.47
2026-05-06,MESA,179.26
2026-05-06,NOVA,297.86
2026-05-06,ORBT,92.45
2026-05-06,PRSM,262.84
2026-05-06,QUAD,121.54
2026-05-06,RIVR,113.93
2026-05-06,SOLR,302.93
2026-05-06,TRAX,137.29
2026-05-06,UNIT,273.15
2026-05-06,VCTR,447.33
2026-05-06,WAVE,70.71
2026-05-06,XENO,52.1
2026-05-06,YARD,439.0
2026-05-06,ZETA,311.24
2026-05-06,AERO,72.93
2026-05-06,BETA,401.11
2026-05-06,CAPE,404.94
2026-05-06,DOME,288.15
2026-05-07,ALFA,139.67
2026-05-07,BRVO,397.71
2026-05-07,CYGN,117.86
2026-05-07,DRVN,295.8
2026-05-07,ELMT,364.92
2026-05-07,FLUX,169.35
2026-05-07,GRIT,63.78
2026-05-07,HARB,369.42
2026-05-07,IVRY,189.81
2026-05-07,JUNO,401.25
2026-05-07,KITE,123.21
2026-05-07,LUMA,66.81
2026-05-07,MESA,190.6
2026-05-07,NOVA,307.04
2026-05-07,ORBT,95.46
2026-05-07,PRSM,260.89
2026-05-07,QUAD,122.78
2026-05-07,RIVR,115.33
2026-05-07,SOLR,295.76
2026-05-07,TRAX,137.39
2026-05-07,UNIT,263.64
2026-05-07,VCTR,451.1
2026-05-07,WAVE,71.65
2026-05-07,XENO,50.44
2026-05-07,YARD,428.89
2026-05-07,ZETA,327.94
2026-05-07,AERO,72.65
2026-05-07,BETA,394.42
2026-05-07,CAPE,429.23
2026-05-07,DOME,283.03
2026-05-08,ALFA,142.52
2026-05-08,BRVO,400.52
2026-05-08,CYGN,117.53
2026-05-08,DRVN,303.8
2026-05-08,ELMT,363.33
2026-05-08,FLUX,167.86
2026-05-08,GRIT,64.45
2026-05-08,HARB,357.32
2026-05-08,IVRY,187.27
2026-05-08,JUNO,380.27
2026-05-08,KITE,124.87
2026-05-08,LUMA,67.76
2026-05-08,MESA,180.65
2026-05-08,NOVA,307.19
2026-05-08,ORBT,96.95
2026-05-08,PRSM,257.35
2026-05-08,QUAD,124.09
2026-05-08,RIVR,111.85
2026-05-08,SOLR,314.28
2026-05-08,TRAX,136.51
2026-05-08,UNIT,270.08
2026-05-08,VCTR,443.91
2026-05-08,WAVE,70.7
2026-05-08,XENO,51.85
2026-05-08,YARD,439.19
2026-05-08,ZETA,325.23
2026-05-08,AERO,73.25
2026-05-08,BETA,396.57
2026-05-08,CAPE,420.97
2026-05-08,DOME,283.51
2026-05-11,ALFA,141.03
2026-05-11,BRVO,401.88
2026-05-11,CYGN,116.53
2026-05-11,DRVN,303.55
2026-05-11,ELMT,368.47
2026-05-11,FLUX,171.66
2026-05-11,GRIT,64.55
2026-05-11,HARB,374.3
2026-05-11,IVRY,180.89
2026-05-11,JUNO,391.89
2026-05-11,KITE,124.86
2026-05-11,LUMA,68.32
2026-05-11,MESA,182.77
2026-05-11,NOVA,301.17
2026-05-11,ORBT,94.43
2026-05-11,PRSM,259.73
2026-05-11,QUAD,122.91
2026-05-11,RIVR,113.06
2026-05-11,SOLR,299.5
2026-05-11,TRAX,138.7
2026-05-11,UNIT,285.97
2026-05-11,VCTR,451.88
2026-05-11,WAVE,71.4
2026-05-11,XENO,53.02
2026-05-11,YARD,419.15
2026-05-11,ZETA,319.64
2026-05-11,AERO,72.56
2026-05-11,BETA,403.87
2026-05-11,CAPE,429.1
2026-05-11,DOME,284.75
2026-05-12,ALFA,141.01
2026-05-12,BRVO,410.45
2026-05-12,CYGN,118.7
2026-05-12,DRVN,306.72
2026-05-12,ELMT,360.11
2026-05-12,FLUX,169.74
2026-05-12,GRIT,64.99
2026-05-12,HARB,378.19
2026-05-12,IVRY,189.49
2026-05-12,JUNO,373.72
2026-05-12,KITE,123.2
2026-05-12,LUMA,67.38
2026-05-12,MESA,183.8
2026-05-12,NOVA,298.69
2026-05-12,ORBT,98.23
2026-05-12,PRSM,255.73
2026-05-12,QUAD,123.19
2026-05-12,RIVR,114.42
2026-05-12,SOLR,308.08
2026-05-12,TRAX,143.82
2026-05-12,UNIT,282.01
2026-05-12,VCTR,452.75
2026-05-12,WAVE,73.51
2026-05-12,XENO,51.49
2026-05-12,YARD,426.67
2026-05-12,ZETA,325.52
2026-05-12,AERO,71.56
2026-05-12,BETA,402.73
2026-05-12,CAPE,434.47
2026-05-12,DOME,279.27
2026-05-13,ALFA,141.17
2026-05-13,BRVO,406.15
2026-05-13,CYGN,117.7
2026-05-13,DRVN,301.73
2026-05-13,ELMT,371.91
2026-05-13,FLUX,171.58
2026-05-13,GRIT,64.55
2026-05-13,HARB,358.15
2026-05-13,IVRY,185.74
2026-05-13,JUNO,379.45
2026-05-13,KITE,123.11
2026-05-13,LUMA,67.79
2026-05-13,MESA,184.82
2026-05-13,NOVA,306.72
2026-05-13,ORBT,93.79
2026-05-13,PRSM,252.12
2026-05-13,QUAD,119.82
2026-05-13,RIVR,116.63
2026-05-13,SOLR,303.83
2026-05-13,TRAX,140.57
2026-05-13,UNIT,267.88
2026-05-13,VCTR,447.53
2026-05-13,WAVE,74.35
2026-05-13,XENO,51.01
2026-05-13,YARD,430.79
2026-05-13,ZETA,295.89
2026-05-13,AERO,75.39
2026-05-13,BETA,389.96
2026-05-13,CAPE,410.74
2026-05-13,DOME,280.75
2026-05-14,ALFA,144.61
2026-05-14,BRVO,394.55
2026-05-14,CYGN,111.07
2026-05-14,DRVN,301.65
2026-05-14,ELMT,362.46
2026-05-14,FLUX,169.16
2026-05-14,GRIT,63.33
2026-05-14,HARB,368.95
2026-05-14,IVRY,190.83
2026-05-14,JUNO,401.2
2026-05-14,KITE,122.07
2026-05-14,LUMA,69.27
2026-05-14,MESA,178.77
2026-05-14,NOVA,295.4
2026-05-14,ORBT,94.94
2026-05-14,PRSM,262.03
2026-05-14,QUAD,120.42
2026-05-14,RIVR,114.75
2026-05-14,SOLR,308.67
2026-05-14,TRAX,138.38
2026-05-14,UNIT,273.39
2026-05-14,VCTR,458.1
2026-05-14,WAVE,71.52
2026-05-14,XENO,51.13
2026-05-14,YARD,447.45
2026-05-14,ZETA,307.67
2026-05-14,AERO,74.56
2026-05-14,BETA,409.29
2026-05-14,CAPE,421.36
2026-05-14,DOME,281.46
2026-05-15,ALFA,141.26
2026-05-15,BRVO,398.56
2026-05-15,CYGN,116.45
2026-05-15,DRVN,291.0
2026-05-15,ELMT,371.18
2026-05-15,FLUX,168.78
2026-05-15,GRIT,63.74
2026-05-15,HARB,378.2
2026-05-15,IVRY,184.75
2026-05-15,JUNO,387.18
2026-05-15,KITE,121.36
2026-05-15,LUMA,67.61
2026-05-15,MESA,183.69
2026-05-15,NOVA,305.92
2026-05-15,ORBT,94.66
2026-05-15,PRSM,257.55
2026-05-15,QUAD,121.37
2026-05-15,RIVR,117.59
2026-05-15,SOLR,301.98
2026-05-15,TRAX,138.58
2026-05-15,UNIT,270.19
2026-05-15,VCTR,460.96
2026-05-15,WAVE,70.18
2026-05-15,XENO,51.26
2026-05-15,YARD,426.32
2026-05-15,ZETA,314.62
2026-05-15,AERO,73.77
2026-05-15,BETA,395.87
2026-05-15,CAPE,390.25
2026-05-15,DOME,280.21
2026-05-18,ALFA,143.92
2026-05-18,BRVO,399.88
2026-05-18,CYGN,121.13
2026-05-18,DRVN,298.07
2026-05-18,ELMT,370.32
2026-05-18,FLUX,168.72
2026-05-18,GRIT,63.98
2026-05-18,HARB,365.78
2026-05-18,IVRY,187.12
2026-05-18,JUNO,386.06
2026-05-18,KITE,124.21
2026-05-18,LUMA,67.15
2026-05-18,MESA,177.02
2026-05-18,NOVA,298.14
2026-05-18,ORBT,91.2
2026-05-18,PRSM,265.96
2026-05-18,QUAD,122.24
2026-05-18,RIVR,110.22
2026-05-18,SOLR,301.57
2026-05-18,TRAX,137.38
2026-05-18,UNIT,279.39
2026-05-18,VCTR,466.69
2026-05-18,WAVE,70.32
2026-05-18,XENO,52.11
2026-05-18,YARD,436.34
2026-05-18,ZETA,324.56
2026-05-18,AERO,73.02
2026-05-18,BETA,399.79
2026-05-18,CAPE,412.91
2026-05-18,DOME,285.57
2026-05-19,ALFA,146.3
2026-05-19,BRVO,404.34
2026-05-19,CYGN,116.53
2026-05-19,DRVN,300.98
2026-05-19,ELMT,364.16
2026-05-19,FLUX,172.09
2026-05-19,GRIT,62.39
2026-05-19,HARB,363.0
2026-05-19,IVRY,182.75
2026-05-19,JUNO,385.58
2026-05-19,KITE,120.92
2026-05-19,LUMA,68.44
2026-05-19,MESA,183.72
2026-05-19,NOVA,298.56
2026-05-19,ORBT,94.37
2026-05-19,PRSM,259.77
2026-05-19,QUAD,120.83
2026-05-19,RIVR,108.05
2026-05-19,SOLR,302.92
2026-05-19,TRAX,139.67
2026-05-19,UNIT,273.34
2026-05-19,VCTR,458.22
2026-05-19,WAVE,71.15
2026-05-19,XENO,51.87
2026-05-19,YARD,450.36
2026-05-19,ZETA,318.85
2026-05-19,AERO,71.66
2026-05-19,BETA,400.9
2026-05-19,CAPE,417.45
2026-05-19,DOME,285.18
2026-05-20,ALFA,144.09
2026-05-20,BRVO,404.16
2026-05-20,CYGN,115.96
2026-05-20,DRVN,293.78
2026-05-20,ELMT,365.7
2026-05-20,FLUX,169.95
2026-05-20,GRIT,63.76
2026-05-20,HARB,360.95
2026-05-20,IVRY,184.42
2026-05-20,JUNO,391.27
2026-05-20,KITE,125.31
2026-05-20,LUMA,67.48
2026-05-20,MESA,183.47
2026-05-20,NOVA,302.24
2026-05-20,ORBT,94.69
2026-05-20,PRSM,259.21
2026-05-20,QUAD,122.88
2026-05-20,RIVR,115.97
2026-05-20,SOLR,305.38
2026-05-20,TRAX,138.16
2026-05-20,UNIT,264.64
2026-05-20,VCTR,455.96
2026-05-20,WAVE,71.22
2026-05-20,XENO,52.92
2026-05-20,YARD,434.84
2026-05-20,ZETA,313.36
2026-05-20,AERO,71.32
2026-05-20,BETA,387.43
2026-05-20,CAPE,410.06
2026-05-20,DOME,285.52
2026-05-21,ALFA,142.76
2026-05-21,BRVO,404.84
2026-05-21,CYGN,119.7
2026-05-21,DRVN,302.12
2026-05-21,ELMT,361.86
2026-05-21,FLUX,171.04
2026-05-21,GRIT,62.77
2026-05-21,HARB,383.37
2026-05-21,IVRY,189.78
2026-05-21,JUNO,399.91
2026-05-21,KITE,122.47
2026-05-21,LUMA,68.39
2026-05-21,MESA,187.34
2026-05-21,NOVA,301.07
2026-05-21,ORBT,93.56
2026-05-21,PRSM,264.82
2026-05-21,QUAD,123.66
2026-05-21,RIVR,112.23
2026-05-21,SOLR,301.29
2026-05-21,TRAX,138.99
2026-05-21,UNIT,281.4
2026-05-21,VCTR,453.71
2026-05-21,WAVE,71.97
2026-05-21,XENO,51.38
2026-05-21,YARD,445.72
2026-05-21,ZETA,307.61
2026-05-21,AERO,71.2
2026-05-21,BETA,398.95
2026-05-21,CAPE,397.79
2026-05-21,DOME,287.48
2026-05-22,ALFA,142.3
2026-05-22,BRVO,408.63
2026-05-22,CYGN,121.98
2026-05-22,DRVN,296.72
2026-05-22,ELMT,366.14
2026-05-22,FLUX,168.66
2026-05-22,GRIT,63.67
2026-05-22,HARB,360.38
2026-05-22,IVRY,191.9
2026-05-22,JUNO,388.04
2026-05-22,KITE,121.22
2026-05-22,LUMA,66.77
2026-05-22,MESA,179.76
2026-05-22,NOVA,308.85
2026-05-22,ORBT,95.18
2026-05-22,PRSM,251.83
2026-05-22,QUAD,123.21
2026-05-22,RIVR,119.4
2026-05-22,SOLR,303.05
2026-05-22,TRAX,137.83
2026-05-22,UNIT,260.36
2026-05-22,VCTR,437.52
2026-05-22,WAVE,70.84
2026-05-22,XENO,52.52
2026-05-22,YARD,449.92
2026-05-22,ZETA,319.47
2026-05-22,AERO,73.14
2026-05-22,BETA,396.08
2026-05-22,CAPE,433.28
2026-05-22,DOME,288.22
2026-02-06,KITE,123.14
2026-01-27,XXXX,279.54
2026-03-03,ELMT,372.1
